robot_ts,x,y,z,w,p,r,cam0_frame,cam0_ts,cam1_frame,cam1_ts,cam0_path,cam1_path
2025-06-20 13:54:41.487,158.04,29.14,97.8,180.0,-53.06,158.04,1,2025-06-20 13:54:42.937,1,2025-06-20 13:54:42.909,D:\test_image\run44\frames_cam0\cam0_0001.png,D:\test_image\run44\frames_cam1\cam1_0001.png
2025-06-20 13:54:41.619,158.04,29.14,97.8,180.0,-53.06,158.05,1,2025-06-20 13:54:42.937,1,2025-06-20 13:54:42.909,D:\test_image\run44\frames_cam0\cam0_0001.png,D:\test_image\run44\frames_cam1\cam1_0001.png
2025-06-20 13:54:41.752,158.11,29.13,97.84,180.0,-53.04,158.11,1,2025-06-20 13:54:42.937,1,2025-06-20 13:54:42.909,D:\test_image\run44\frames_cam0\cam0_0001.png,D:\test_image\run44\frames_cam1\cam1_0001.png
2025-06-20 13:54:41.884,158.27,29.06,97.94,180.0,-53.0,158.27,1,2025-06-20 13:54:42.937,1,2025-06-20 13:54:42.909,D:\test_image\run44\frames_cam0\cam0_0001.png,D:\test_image\run44\frames_cam1\cam1_0001.png
2025-06-20 13:54:42.017,158.86,28.82,98.34,180.0,-52.85,158.86,1,2025-06-20 13:54:42.937,1,2025-06-20 13:54:42.909,D:\test_image\run44\frames_cam0\cam0_0001.png,D:\test_image\run44\frames_cam1\cam1_0001.png
2025-06-20 13:54:42.149,159.29,28.65,98.62,180.0,-52.73,159.29,1,2025-06-20 13:54:42.937,1,2025-06-20 13:54:42.909,D:\test_image\run44\frames_cam0\cam0_0001.png,D:\test_image\run44\frames_cam1\cam1_0001.png
2025-06-20 13:54:42.288,159.82,28.44,98.95,180.0,-52.6,159.82,1,2025-06-20 13:54:42.937,1,2025-06-20 13:54:42.909,D:\test_image\run44\frames_cam0\cam0_0001.png,D:\test_image\run44\frames_cam1\cam1_0001.png
2025-06-20 13:54:42.414,161.06,28.01,99.68,180.0,-52.32,161.06,1,2025-06-20 13:54:42.937,1,2025-06-20 13:54:42.909,D:\test_image\run44\frames_cam0\cam0_0001.png,D:\test_image\run44\frames_cam1\cam1_0001.png
2025-06-20 13:54:42.546,161.7,27.8,100.03,180.0,-52.18,161.69,1,2025-06-20 13:54:42.937,1,2025-06-20 13:54:42.909,D:\test_image\run44\frames_cam0\cam0_0001.png,D:\test_image\run44\frames_cam1\cam1_0001.png
2025-06-20 13:54:42.679,162.33,27.59,100.36,180.0,-52.05,162.33,1,2025-06-20 13:54:42.937,1,2025-06-20 13:54:42.909,D:\test_image\run44\frames_cam0\cam0_0001.png,D:\test_image\run44\frames_cam1\cam1_0001.png
2025-06-20 13:54:42.811,163.63,27.2,100.99,180.0,-51.81,163.62,1,2025-06-20 13:54:42.937,1,2025-06-20 13:54:42.909,D:\test_image\run44\frames_cam0\cam0_0001.png,D:\test_image\run44\frames_cam1\cam1_0001.png
2025-06-20 13:54:42.944,164.28,27.02,101.29,180.0,-51.69,164.28,1,2025-06-20 13:54:42.937,1,2025-06-20 13:54:42.909,D:\test_image\run44\frames_cam0\cam0_0001.png,D:\test_image\run44\frames_cam1\cam1_0001.png
2025-06-20 13:54:43.076,164.94,26.85,101.58,180.0,-51.58,164.94,2,2025-06-20 13:54:43.059,3,2025-06-20 13:54:43.103,D:\test_image\run44\frames_cam0\cam0_0002.png,D:\test_image\run44\frames_cam1\cam1_0003.png
2025-06-20 13:54:43.209,166.27,26.52,102.11,180.0,-51.38,166.27,3,2025-06-20 13:54:43.181,4,2025-06-20 13:54:43.207,D:\test_image\run44\frames_cam0\cam0_0003.png,D:\test_image\run44\frames_cam1\cam1_0004.png
2025-06-20 13:54:43.342,166.94,26.37,102.35,180.0,-51.28,166.94,4,2025-06-20 13:54:43.299,5,2025-06-20 13:54:43.306,D:\test_image\run44\frames_cam0\cam0_0004.png,D:\test_image\run44\frames_cam1\cam1_0005.png
2025-06-20 13:54:43.474,167.62,26.22,102.59,180.0,-51.19,167.62,6,2025-06-20 13:54:43.520,7,2025-06-20 13:54:43.521,D:\test_image\run44\frames_cam0\cam0_0006.png,D:\test_image\run44\frames_cam1\cam1_0007.png
2025-06-20 13:54:43.606,168.99,25.96,103.02,180.0,-51.03,168.98,7,2025-06-20 13:54:43.648,8,2025-06-20 13:54:43.608,D:\test_image\run44\frames_cam0\cam0_0007.png,D:\test_image\run44\frames_cam1\cam1_0008.png
2025-06-20 13:54:43.740,169.67,25.83,103.21,180.0,-50.96,169.67,8,2025-06-20 13:54:43.743,9,2025-06-20 13:54:43.702,D:\test_image\run44\frames_cam0\cam0_0008.png,D:\test_image\run44\frames_cam1\cam1_0009.png
2025-06-20 13:54:43.871,170.37,25.72,103.4,180.0,-50.89,170.36,9,2025-06-20 13:54:43.853,11,2025-06-20 13:54:43.900,D:\test_image\run44\frames_cam0\cam0_0009.png,D:\test_image\run44\frames_cam1\cam1_0011.png
2025-06-20 13:54:44.004,171.76,25.51,103.72,180.0,-50.76,171.76,10,2025-06-20 13:54:43.964,12,2025-06-20 13:54:44.000,D:\test_image\run44\frames_cam0\cam0_0010.png,D:\test_image\run44\frames_cam1\cam1_0012.png
2025-06-20 13:54:44.136,172.46,25.43,103.86,180.0,-50.71,172.46,11,2025-06-20 13:54:44.083,13,2025-06-20 13:54:44.110,D:\test_image\run44\frames_cam0\cam0_0011.png,D:\test_image\run44\frames_cam1\cam1_0013.png
2025-06-20 13:54:44.271,173.17,25.34,103.99,180.0,-50.66,173.16,13,2025-06-20 13:54:44.302,15,2025-06-20 13:54:44.304,D:\test_image\run44\frames_cam0\cam0_0013.png,D:\test_image\run44\frames_cam1\cam1_0015.png
2025-06-20 13:54:44.409,174.59,25.2,104.22,180.0,-50.58,174.58,14,2025-06-20 13:54:44.415,16,2025-06-20 13:54:44.415,D:\test_image\run44\frames_cam0\cam0_0014.png,D:\test_image\run44\frames_cam1\cam1_0016.png
2025-06-20 13:54:44.533,175.3,25.15,104.31,180.0,-50.54,175.29,15,2025-06-20 13:54:44.531,17,2025-06-20 13:54:44.503,D:\test_image\run44\frames_cam0\cam0_0015.png,D:\test_image\run44\frames_cam1\cam1_0017.png
2025-06-20 13:54:44.667,176.01,25.1,104.39,180.0,-50.51,176.01,16,2025-06-20 13:54:44.636,19,2025-06-20 13:54:44.705,D:\test_image\run44\frames_cam0\cam0_0016.png,D:\test_image\run44\frames_cam1\cam1_0019.png
2025-06-20 13:54:44.798,177.44,25.02,104.51,180.0,-50.47,177.44,17,2025-06-20 13:54:44.746,20,2025-06-20 13:54:44.802,D:\test_image\run44\frames_cam0\cam0_0017.png,D:\test_image\run44\frames_cam1\cam1_0020.png
2025-06-20 13:54:44.931,178.16,25.0,104.54,180.0,-50.45,178.16,19,2025-06-20 13:54:44.976,21,2025-06-20 13:54:44.901,D:\test_image\run44\frames_cam0\cam0_0019.png,D:\test_image\run44\frames_cam1\cam1_0021.png
2025-06-20 13:54:45.064,178.88,24.98,104.57,180.0,-50.44,178.88,20,2025-06-20 13:54:45.109,23,2025-06-20 13:54:45.114,D:\test_image\run44\frames_cam0\cam0_0020.png,D:\test_image\run44\frames_cam1\cam1_0023.png
2025-06-20 13:54:45.210,180.32,24.97,104.59,180.0,-50.44,180.32,21,2025-06-20 13:54:45.213,24,2025-06-20 13:54:45.212,D:\test_image\run44\frames_cam0\cam0_0021.png,D:\test_image\run44\frames_cam1\cam1_0024.png
2025-06-20 13:54:45.328,181.05,24.97,104.58,180.0,-50.44,181.04,22,2025-06-20 13:54:45.314,25,2025-06-20 13:54:45.314,D:\test_image\run44\frames_cam0\cam0_0022.png,D:\test_image\run44\frames_cam1\cam1_0025.png
2025-06-20 13:54:45.461,181.77,24.99,104.56,180.0,-50.45,181.76,23,2025-06-20 13:54:45.436,27,2025-06-20 13:54:45.502,D:\test_image\run44\frames_cam0\cam0_0023.png,D:\test_image\run44\frames_cam1\cam1_0027.png
2025-06-20 13:54:45.594,183.21,25.05,104.46,180.0,-50.49,183.21,24,2025-06-20 13:54:45.550,28,2025-06-20 13:54:45.601,D:\test_image\run44\frames_cam0\cam0_0024.png,D:\test_image\run44\frames_cam1\cam1_0028.png
2025-06-20 13:54:45.726,183.93,25.1,104.39,180.0,-50.52,183.93,26,2025-06-20 13:54:45.767,29,2025-06-20 13:54:45.702,D:\test_image\run44\frames_cam0\cam0_0026.png,D:\test_image\run44\frames_cam1\cam1_0029.png
2025-06-20 13:54:45.864,184.65,25.15,104.31,180.0,-50.54,184.65,27,2025-06-20 13:54:45.867,31,2025-06-20 13:54:45.902,D:\test_image\run44\frames_cam0\cam0_0027.png,D:\test_image\run44\frames_cam1\cam1_0031.png
2025-06-20 13:54:45.991,186.09,25.27,104.11,180.0,-50.62,186.09,28,2025-06-20 13:54:45.968,32,2025-06-20 13:54:46.001,D:\test_image\run44\frames_cam0\cam0_0028.png,D:\test_image\run44\frames_cam1\cam1_0032.png
2025-06-20 13:54:46.123,186.8,25.34,104.0,180.0,-50.66,186.8,29,2025-06-20 13:54:46.078,33,2025-06-20 13:54:46.107,D:\test_image\run44\frames_cam0\cam0_0029.png,D:\test_image\run44\frames_cam1\cam1_0033.png
2025-06-20 13:54:46.255,187.47,25.42,103.87,180.0,-50.71,187.47,30,2025-06-20 13:54:46.204,34,2025-06-20 13:54:46.205,D:\test_image\run44\frames_cam0\cam0_0030.png,D:\test_image\run44\frames_cam1\cam1_0034.png
2025-06-20 13:54:46.394,188.5,25.55,103.66,180.0,-50.78,188.5,32,2025-06-20 13:54:46.430,36,2025-06-20 13:54:46.402,D:\test_image\run44\frames_cam0\cam0_0032.png,D:\test_image\run44\frames_cam1\cam1_0036.png
2025-06-20 13:54:46.527,188.85,25.6,103.59,180.0,-50.81,188.85,33,2025-06-20 13:54:46.534,37,2025-06-20 13:54:46.502,D:\test_image\run44\frames_cam0\cam0_0033.png,D:\test_image\run44\frames_cam1\cam1_0037.png
2025-06-20 13:54:46.653,189.09,25.63,103.53,180.0,-50.84,189.09,34,2025-06-20 13:54:46.646,38,2025-06-20 13:54:46.601,D:\test_image\run44\frames_cam0\cam0_0034.png,D:\test_image\run44\frames_cam1\cam1_0038.png
2025-06-20 13:54:46.796,189.27,25.66,103.48,180.0,-50.86,189.27,35,2025-06-20 13:54:46.823,40,2025-06-20 13:54:46.819,D:\test_image\run44\frames_cam0\cam0_0035.png,D:\test_image\run44\frames_cam1\cam1_0040.png
2025-06-20 13:54:46.918,189.27,25.66,103.48,180.0,-50.86,189.27,36,2025-06-20 13:54:46.957,41,2025-06-20 13:54:46.904,D:\test_image\run44\frames_cam0\cam0_0036.png,D:\test_image\run44\frames_cam1\cam1_0041.png
2025-06-20 13:54:47.054,189.27,25.66,103.48,180.0,-50.86,189.27,37,2025-06-20 13:54:47.064,42,2025-06-20 13:54:47.006,D:\test_image\run44\frames_cam0\cam0_0037.png,D:\test_image\run44\frames_cam1\cam1_0042.png
2025-06-20 13:54:47.184,189.28,25.66,103.48,180.0,-50.85,189.29,38,2025-06-20 13:54:47.178,44,2025-06-20 13:54:47.204,D:\test_image\run44\frames_cam0\cam0_0038.png,D:\test_image\run44\frames_cam1\cam1_0044.png
2025-06-20 13:54:47.315,189.6,25.7,103.43,180.0,-50.87,189.6,39,2025-06-20 13:54:47.313,45,2025-06-20 13:54:47.313,D:\test_image\run44\frames_cam0\cam0_0039.png,D:\test_image\run44\frames_cam1\cam1_0045.png
2025-06-20 13:54:47.447,189.91,25.74,103.37,180.0,-50.89,189.91,40,2025-06-20 13:54:47.434,46,2025-06-20 13:54:47.399,D:\test_image\run44\frames_cam0\cam0_0040.png,D:\test_image\run44\frames_cam1\cam1_0046.png
2025-06-20 13:54:47.601,190.33,25.79,103.29,180.0,-50.92,190.33,42,2025-06-20 13:54:47.642,48,2025-06-20 13:54:47.610,D:\test_image\run44\frames_cam0\cam0_0042.png,D:\test_image\run44\frames_cam1\cam1_0048.png
2025-06-20 13:54:47.713,191.49,25.96,103.05,180.0,-51.0,191.49,43,2025-06-20 13:54:47.769,49,2025-06-20 13:54:47.703,D:\test_image\run44\frames_cam0\cam0_0043.png,D:\test_image\run44\frames_cam1\cam1_0049.png
2025-06-20 13:54:47.844,192.19,26.07,102.88,180.0,-51.05,192.19,44,2025-06-20 13:54:47.877,50,2025-06-20 13:54:47.804,D:\test_image\run44\frames_cam0\cam0_0044.png,D:\test_image\run44\frames_cam1\cam1_0050.png
2025-06-20 13:54:47.978,192.89,26.19,102.7,180.0,-51.11,192.89,45,2025-06-20 13:54:48.010,52,2025-06-20 13:54:48.012,D:\test_image\run44\frames_cam0\cam0_0045.png,D:\test_image\run44\frames_cam1\cam1_0052.png
2025-06-20 13:54:48.109,194.29,26.45,102.31,180.0,-51.25,194.29,46,2025-06-20 13:54:48.107,53,2025-06-20 13:54:48.108,D:\test_image\run44\frames_cam0\cam0_0046.png,D:\test_image\run44\frames_cam1\cam1_0053.png
2025-06-20 13:54:48.242,194.98,26.59,102.09,180.0,-51.32,194.98,47,2025-06-20 13:54:48.218,54,2025-06-20 13:54:48.215,D:\test_image\run44\frames_cam0\cam0_0047.png,D:\test_image\run44\frames_cam1\cam1_0054.png
2025-06-20 13:54:48.375,195.65,26.73,101.86,180.0,-51.4,195.65,48,2025-06-20 13:54:48.342,56,2025-06-20 13:54:48.398,D:\test_image\run44\frames_cam0\cam0_0048.png,D:\test_image\run44\frames_cam1\cam1_0056.png
2025-06-20 13:54:48.507,196.71,26.98,101.48,180.0,-51.54,196.71,50,2025-06-20 13:54:48.552,57,2025-06-20 13:54:48.502,D:\test_image\run44\frames_cam0\cam0_0050.png,D:\test_image\run44\frames_cam1\cam1_0057.png
2025-06-20 13:54:48.650,197.09,27.07,101.34,180.0,-51.59,197.09,51,2025-06-20 13:54:48.658,58,2025-06-20 13:54:48.601,D:\test_image\run44\frames_cam0\cam0_0051.png,D:\test_image\run44\frames_cam1\cam1_0058.png
2025-06-20 13:54:48.774,197.36,27.14,101.23,180.0,-51.63,197.36,52,2025-06-20 13:54:48.777,60,2025-06-20 13:54:48.806,D:\test_image\run44\frames_cam0\cam0_0052.png,D:\test_image\run44\frames_cam1\cam1_0060.png
2025-06-20 13:54:48.906,197.6,27.2,101.14,180.0,-51.67,197.6,53,2025-06-20 13:54:48.949,61,2025-06-20 13:54:48.906,D:\test_image\run44\frames_cam0\cam0_0053.png,D:\test_image\run44\frames_cam1\cam1_0061.png
2025-06-20 13:54:49.045,197.61,27.21,101.13,180.0,-51.67,197.61,54,2025-06-20 13:54:49.056,62,2025-06-20 13:54:49.004,D:\test_image\run44\frames_cam0\cam0_0054.png,D:\test_image\run44\frames_cam1\cam1_0062.png
2025-06-20 13:54:49.169,197.61,27.21,101.13,180.0,-51.67,197.61,55,2025-06-20 13:54:49.165,64,2025-06-20 13:54:49.202,D:\test_image\run44\frames_cam0\cam0_0055.png,D:\test_image\run44\frames_cam1\cam1_0064.png
2025-06-20 13:54:49.303,197.61,27.28,101.16,180.0,-51.55,197.61,56,2025-06-20 13:54:49.273,65,2025-06-20 13:54:49.301,D:\test_image\run44\frames_cam0\cam0_0056.png,D:\test_image\run44\frames_cam1\cam1_0065.png
2025-06-20 13:54:49.435,197.61,27.42,101.24,180.0,-51.33,197.61,57,2025-06-20 13:54:49.412,66,2025-06-20 13:54:49.413,D:\test_image\run44\frames_cam0\cam0_0057.png,D:\test_image\run44\frames_cam1\cam1_0066.png
2025-06-20 13:54:49.566,197.61,27.65,101.37,180.0,-50.98,197.61,59,2025-06-20 13:54:49.618,68,2025-06-20 13:54:49.617,D:\test_image\run44\frames_cam0\cam0_0059.png,D:\test_image\run44\frames_cam1\cam1_0068.png
2025-06-20 13:54:49.701,197.6,28.34,101.72,180.0,-49.93,197.6,60,2025-06-20 13:54:49.735,69,2025-06-20 13:54:49.701,D:\test_image\run44\frames_cam0\cam0_0060.png,D:\test_image\run44\frames_cam1\cam1_0069.png
2025-06-20 13:54:49.831,197.6,28.81,101.94,180.0,-49.24,197.6,61,2025-06-20 13:54:49.838,70,2025-06-20 13:54:49.806,D:\test_image\run44\frames_cam0\cam0_0061.png,D:\test_image\run44\frames_cam1\cam1_0070.png
2025-06-20 13:54:49.964,197.6,29.36,102.18,180.0,-48.45,197.6,62,2025-06-20 13:54:49.952,72,2025-06-20 13:54:50.005,D:\test_image\run44\frames_cam0\cam0_0062.png,D:\test_image\run44\frames_cam1\cam1_0072.png
2025-06-20 13:54:50.096,197.6,30.49,102.63,180.0,-46.88,197.6,63,2025-06-20 13:54:50.062,73,2025-06-20 13:54:50.103,D:\test_image\run44\frames_cam0\cam0_0063.png,D:\test_image\run44\frames_cam1\cam1_0073.png
2025-06-20 13:54:50.229,197.6,31.07,102.84,180.0,-46.1,197.6,65,2025-06-20 13:54:50.258,74,2025-06-20 13:54:50.202,D:\test_image\run44\frames_cam0\cam0_0065.png,D:\test_image\run44\frames_cam1\cam1_0074.png
2025-06-20 13:54:50.361,197.6,31.65,103.03,180.0,-45.32,197.6,66,2025-06-20 13:54:50.358,76,2025-06-20 13:54:50.402,D:\test_image\run44\frames_cam0\cam0_0066.png,D:\test_image\run44\frames_cam1\cam1_0076.png
2025-06-20 13:54:50.493,197.6,32.85,103.38,180.0,-43.77,197.6,67,2025-06-20 13:54:50.472,77,2025-06-20 13:54:50.499,D:\test_image\run44\frames_cam0\cam0_0067.png,D:\test_image\run44\frames_cam1\cam1_0077.png
2025-06-20 13:54:50.626,197.6,33.46,103.53,180.0,-43.01,197.6,69,2025-06-20 13:54:50.669,78,2025-06-20 13:54:50.606,D:\test_image\run44\frames_cam0\cam0_0069.png,D:\test_image\run44\frames_cam1\cam1_0078.png
2025-06-20 13:54:50.760,197.6,34.08,103.67,180.0,-42.25,197.6,70,2025-06-20 13:54:50.831,80,2025-06-20 13:54:50.806,D:\test_image\run44\frames_cam0\cam0_0070.png,D:\test_image\run44\frames_cam1\cam1_0080.png
2025-06-20 13:54:50.892,197.6,35.34,103.91,180.0,-40.75,197.6,71,2025-06-20 13:54:50.929,81,2025-06-20 13:54:50.904,D:\test_image\run44\frames_cam0\cam0_0071.png,D:\test_image\run44\frames_cam1\cam1_0081.png
2025-06-20 13:54:51.024,197.6,35.98,104.01,180.0,-40.0,197.6,72,2025-06-20 13:54:51.032,82,2025-06-20 13:54:51.007,D:\test_image\run44\frames_cam0\cam0_0072.png,D:\test_image\run44\frames_cam1\cam1_0082.png
2025-06-20 13:54:51.156,197.6,36.64,104.1,180.0,-39.26,197.6,73,2025-06-20 13:54:51.136,84,2025-06-20 13:54:51.202,D:\test_image\run44\frames_cam0\cam0_0073.png,D:\test_image\run44\frames_cam1\cam1_0084.png
2025-06-20 13:54:51.292,197.6,37.96,104.24,180.0,-37.81,197.6,75,2025-06-20 13:54:51.340,85,2025-06-20 13:54:51.301,D:\test_image\run44\frames_cam0\cam0_0075.png,D:\test_image\run44\frames_cam1\cam1_0085.png
2025-06-20 13:54:51.421,197.6,38.63,104.29,180.0,-37.09,197.6,76,2025-06-20 13:54:51.458,86,2025-06-20 13:54:51.402,D:\test_image\run44\frames_cam0\cam0_0076.png,D:\test_image\run44\frames_cam1\cam1_0086.png
2025-06-20 13:54:51.561,197.6,39.3,104.32,180.0,-36.37,197.6,77,2025-06-20 13:54:51.569,88,2025-06-20 13:54:51.606,D:\test_image\run44\frames_cam0\cam0_0077.png,D:\test_image\run44\frames_cam1\cam1_0088.png
2025-06-20 13:54:51.685,197.6,40.68,104.36,180.0,-34.97,197.6,78,2025-06-20 13:54:51.673,89,2025-06-20 13:54:51.708,D:\test_image\run44\frames_cam0\cam0_0078.png,D:\test_image\run44\frames_cam1\cam1_0089.png
2025-06-20 13:54:51.818,197.6,41.37,104.36,180.0,-34.28,197.6,79,2025-06-20 13:54:51.800,90,2025-06-20 13:54:51.801,D:\test_image\run44\frames_cam0\cam0_0079.png,D:\test_image\run44\frames_cam1\cam1_0090.png
2025-06-20 13:54:51.950,197.6,42.07,104.34,180.0,-33.59,197.6,80,2025-06-20 13:54:51.937,91,2025-06-20 13:54:51.901,D:\test_image\run44\frames_cam0\cam0_0080.png,D:\test_image\run44\frames_cam1\cam1_0091.png
2025-06-20 13:54:52.083,197.6,42.78,104.32,180.0,-32.92,197.6,81,2025-06-20 13:54:52.046,93,2025-06-20 13:54:52.105,D:\test_image\run44\frames_cam0\cam0_0081.png,D:\test_image\run44\frames_cam1\cam1_0093.png
2025-06-20 13:54:52.215,197.6,44.21,104.21,180.0,-31.59,197.6,82,2025-06-20 13:54:52.175,94,2025-06-20 13:54:52.203,D:\test_image\run44\frames_cam0\cam0_0082.png,D:\test_image\run44\frames_cam1\cam1_0094.png
2025-06-20 13:54:52.351,197.6,44.93,104.14,180.0,-30.93,197.6,84,2025-06-20 13:54:52.372,95,2025-06-20 13:54:52.304,D:\test_image\run44\frames_cam0\cam0_0084.png,D:\test_image\run44\frames_cam1\cam1_0095.png
2025-06-20 13:54:52.480,197.6,45.66,104.06,180.0,-30.29,197.6,85,2025-06-20 13:54:52.483,97,2025-06-20 13:54:52.510,D:\test_image\run44\frames_cam0\cam0_0085.png,D:\test_image\run44\frames_cam1\cam1_0097.png
2025-06-20 13:54:52.613,197.6,47.01,103.87,180.0,-29.12,197.6,86,2025-06-20 13:54:52.609,98,2025-06-20 13:54:52.610,D:\test_image\run44\frames_cam0\cam0_0086.png,D:\test_image\run44\frames_cam1\cam1_0098.png
2025-06-20 13:54:52.745,197.6,47.55,103.79,180.0,-28.67,197.6,87,2025-06-20 13:54:52.722,99,2025-06-20 13:54:52.712,D:\test_image\run44\frames_cam0\cam0_0087.png,D:\test_image\run44\frames_cam1\cam1_0099.png
2025-06-20 13:54:52.877,197.6,47.97,103.71,180.0,-28.32,197.6,88,2025-06-20 13:54:52.840,101,2025-06-20 13:54:52.899,D:\test_image\run44\frames_cam0\cam0_0088.png,D:\test_image\run44\frames_cam1\cam1_0101.png
2025-06-20 13:54:53.010,197.6,48.49,103.62,180.0,-27.89,197.6,90,2025-06-20 13:54:53.075,102,2025-06-20 13:54:53.003,D:\test_image\run44\frames_cam0\cam0_0090.png,D:\test_image\run44\frames_cam1\cam1_0102.png
2025-06-20 13:54:53.142,197.6,48.58,103.6,180.0,-27.82,197.6,91,2025-06-20 13:54:53.191,103,2025-06-20 13:54:53.117,D:\test_image\run44\frames_cam0\cam0_0091.png,D:\test_image\run44\frames_cam1\cam1_0103.png
2025-06-20 13:54:53.287,197.6,48.59,103.59,180.0,-27.81,197.6,92,2025-06-20 13:54:53.306,105,2025-06-20 13:54:53.310,D:\test_image\run44\frames_cam0\cam0_0092.png,D:\test_image\run44\frames_cam1\cam1_0105.png
2025-06-20 13:54:53.407,197.6,48.59,103.59,180.0,-27.81,197.6,93,2025-06-20 13:54:53.407,106,2025-06-20 13:54:53.408,D:\test_image\run44\frames_cam0\cam0_0093.png,D:\test_image\run44\frames_cam1\cam1_0106.png
2025-06-20 13:54:53.539,197.6,48.59,103.6,180.0,-27.81,197.6,94,2025-06-20 13:54:53.514,107,2025-06-20 13:54:53.515,D:\test_image\run44\frames_cam0\cam0_0094.png,D:\test_image\run44\frames_cam1\cam1_0107.png
2025-06-20 13:54:53.675,197.6,48.59,103.6,180.0,-27.81,197.6,95,2025-06-20 13:54:53.629,109,2025-06-20 13:54:53.704,D:\test_image\run44\frames_cam0\cam0_0095.png,D:\test_image\run44\frames_cam1\cam1_0109.png
2025-06-20 13:54:53.805,197.6,48.59,103.6,180.0,-27.81,197.6,97,2025-06-20 13:54:53.841,110,2025-06-20 13:54:53.802,D:\test_image\run44\frames_cam0\cam0_0097.png,D:\test_image\run44\frames_cam1\cam1_0110.png
2025-06-20 13:54:53.943,197.6,48.59,103.6,180.0,-27.81,197.6,98,2025-06-20 13:54:53.951,111,2025-06-20 13:54:53.903,D:\test_image\run44\frames_cam0\cam0_0098.png,D:\test_image\run44\frames_cam1\cam1_0111.png
2025-06-20 13:54:54.070,197.6,48.59,103.6,180.0,-27.81,197.6,99,2025-06-20 13:54:54.052,113,2025-06-20 13:54:54.103,D:\test_image\run44\frames_cam0\cam0_0099.png,D:\test_image\run44\frames_cam1\cam1_0113.png
2025-06-20 13:54:54.201,197.6,48.59,103.6,180.0,-27.81,197.6,100,2025-06-20 13:54:54.150,114,2025-06-20 13:54:54.198,D:\test_image\run44\frames_cam0\cam0_0100.png,D:\test_image\run44\frames_cam1\cam1_0114.png
2025-06-20 13:54:54.353,197.6,48.59,103.6,180.0,-27.81,197.6,102,2025-06-20 13:54:54.371,115,2025-06-20 13:54:54.303,D:\test_image\run44\frames_cam0\cam0_0102.png,D:\test_image\run44\frames_cam1\cam1_0115.png
2025-06-20 13:54:54.484,197.6,48.59,103.6,180.0,-27.81,197.6,103,2025-06-20 13:54:54.474,117,2025-06-20 13:54:54.508,D:\test_image\run44\frames_cam0\cam0_0103.png,D:\test_image\run44\frames_cam1\cam1_0117.png
2025-06-20 13:54:54.609,197.6,48.59,103.6,180.0,-27.81,197.6,104,2025-06-20 13:54:54.595,118,2025-06-20 13:54:54.616,D:\test_image\run44\frames_cam0\cam0_0104.png,D:\test_image\run44\frames_cam1\cam1_0118.png
2025-06-20 13:54:54.741,197.6,48.59,103.6,180.0,-27.81,197.6,105,2025-06-20 13:54:54.717,119,2025-06-20 13:54:54.714,D:\test_image\run44\frames_cam0\cam0_0105.png,D:\test_image\run44\frames_cam1\cam1_0119.png
2025-06-20 13:54:54.874,197.6,48.59,103.6,180.0,-27.81,197.6,106,2025-06-20 13:54:54.823,121,2025-06-20 13:54:54.903,D:\test_image\run44\frames_cam0\cam0_0106.png,D:\test_image\run44\frames_cam1\cam1_0121.png
2025-06-20 13:54:55.006,197.6,48.59,103.6,180.0,-27.81,197.6,108,2025-06-20 13:54:55.060,122,2025-06-20 13:54:55.001,D:\test_image\run44\frames_cam0\cam0_0108.png,D:\test_image\run44\frames_cam1\cam1_0122.png
2025-06-20 13:54:55.139,197.6,48.59,103.6,180.0,-27.81,197.6,108,2025-06-20 13:54:55.060,123,2025-06-20 13:54:55.123,D:\test_image\run44\frames_cam0\cam0_0108.png,D:\test_image\run44\frames_cam1\cam1_0123.png
2025-06-20 13:54:55.291,197.6,48.59,103.6,180.0,-27.81,197.6,109,2025-06-20 13:54:55.241,125,2025-06-20 13:54:55.309,D:\test_image\run44\frames_cam0\cam0_0109.png,D:\test_image\run44\frames_cam1\cam1_0125.png
2025-06-20 13:54:55.404,197.6,48.59,103.6,180.0,-27.81,197.6,111,2025-06-20 13:54:55.448,126,2025-06-20 13:54:55.407,D:\test_image\run44\frames_cam0\cam0_0111.png,D:\test_image\run44\frames_cam1\cam1_0126.png
2025-06-20 13:54:55.536,197.6,48.58,103.6,180.0,-27.82,197.6,112,2025-06-20 13:54:55.564,127,2025-06-20 13:54:55.501,D:\test_image\run44\frames_cam0\cam0_0112.png,D:\test_image\run44\frames_cam1\cam1_0127.png
2025-06-20 13:54:55.682,197.6,48.49,103.62,180.0,-27.9,197.6,113,2025-06-20 13:54:55.687,129,2025-06-20 13:54:55.721,D:\test_image\run44\frames_cam0\cam0_0113.png,D:\test_image\run44\frames_cam1\cam1_0129.png
2025-06-20 13:54:55.802,197.6,47.95,103.72,180.0,-28.34,197.6,114,2025-06-20 13:54:55.781,130,2025-06-20 13:54:55.810,D:\test_image\run44\frames_cam0\cam0_0114.png,D:\test_image\run44\frames_cam1\cam1_0130.png
2025-06-20 13:54:55.934,197.6,47.51,103.79,180.0,-28.69,197.6,115,2025-06-20 13:54:55.902,131,2025-06-20 13:54:55.905,D:\test_image\run44\frames_cam0\cam0_0115.png,D:\test_image\run44\frames_cam1\cam1_0131.png
2025-06-20 13:54:56.066,197.6,46.97,103.88,180.0,-29.15,197.6,117,2025-06-20 13:54:56.115,132,2025-06-20 13:54:56.017,D:\test_image\run44\frames_cam0\cam0_0117.png,D:\test_image\run44\frames_cam1\cam1_0132.png
2025-06-20 13:54:56.202,197.61,45.6,104.08,180.0,-30.33,197.61,118,2025-06-20 13:54:56.225,134,2025-06-20 13:54:56.216,D:\test_image\run44\frames_cam0\cam0_0118.png,D:\test_image\run44\frames_cam1\cam1_0134.png
2025-06-20 13:54:56.340,197.61,44.87,104.16,180.0,-30.97,197.61,119,2025-06-20 13:54:56.348,135,2025-06-20 13:54:56.302,D:\test_image\run44\frames_cam0\cam0_0119.png,D:\test_image\run44\frames_cam1\cam1_0135.png
2025-06-20 13:54:56.464,197.61,44.15,104.23,180.0,-31.62,197.61,120,2025-06-20 13:54:56.457,137,2025-06-20 13:54:56.503,D:\test_image\run44\frames_cam0\cam0_0120.png,D:\test_image\run44\frames_cam1\cam1_0137.png
2025-06-20 13:54:56.596,197.61,42.71,104.34,180.0,-32.95,197.61,121,2025-06-20 13:54:56.556,138,2025-06-20 13:54:56.599,D:\test_image\run44\frames_cam0\cam0_0121.png,D:\test_image\run44\frames_cam1\cam1_0138.png
2025-06-20 13:54:56.735,197.61,42.01,104.37,180.0,-33.62,197.61,123,2025-06-20 13:54:56.788,139,2025-06-20 13:54:56.710,D:\test_image\run44\frames_cam0\cam0_0123.png,D:\test_image\run44\frames_cam1\cam1_0139.png
2025-06-20 13:54:56.861,197.61,41.3,104.39,180.0,-34.3,197.61,124,2025-06-20 13:54:56.908,141,2025-06-20 13:54:56.907,D:\test_image\run44\frames_cam0\cam0_0124.png,D:\test_image\run44\frames_cam1\cam1_0141.png
2025-06-20 13:54:56.999,197.61,39.92,104.4,180.0,-35.69,197.61,125,2025-06-20 13:54:57.003,142,2025-06-20 13:54:57.007,D:\test_image\run44\frames_cam0\cam0_0125.png,D:\test_image\run44\frames_cam1\cam1_0142.png
2025-06-20 13:54:57.125,197.61,39.23,104.38,180.0,-36.4,197.61,126,2025-06-20 13:54:57.111,143,2025-06-20 13:54:57.109,D:\test_image\run44\frames_cam0\cam0_0126.png,D:\test_image\run44\frames_cam1\cam1_0143.png
2025-06-20 13:54:57.258,197.62,38.56,104.35,180.0,-37.11,197.62,127,2025-06-20 13:54:57.208,144,2025-06-20 13:54:57.208,D:\test_image\run44\frames_cam0\cam0_0127.png,D:\test_image\run44\frames_cam1\cam1_0144.png
2025-06-20 13:54:57.417,197.62,37.22,104.24,180.0,-38.55,197.62,129,2025-06-20 13:54:57.427,146,2025-06-20 13:54:57.426,D:\test_image\run44\frames_cam0\cam0_0129.png,D:\test_image\run44\frames_cam1\cam1_0146.png
2025-06-20 13:54:57.526,197.62,36.56,104.17,180.0,-39.28,197.62,130,2025-06-20 13:54:57.534,147,2025-06-20 13:54:57.503,D:\test_image\run44\frames_cam0\cam0_0130.png,D:\test_image\run44\frames_cam1\cam1_0147.png
2025-06-20 13:54:57.660,197.62,35.9,104.08,180.0,-40.02,197.62,131,2025-06-20 13:54:57.668,148,2025-06-20 13:54:57.618,D:\test_image\run44\frames_cam0\cam0_0131.png,D:\test_image\run44\frames_cam1\cam1_0148.png
2025-06-20 13:54:57.788,197.62,34.63,103.87,180.0,-41.51,197.62,132,2025-06-20 13:54:57.777,150,2025-06-20 13:54:57.807,D:\test_image\run44\frames_cam0\cam0_0132.png,D:\test_image\run44\frames_cam1\cam1_0150.png
2025-06-20 13:54:57.920,197.62,33.99,103.74,180.0,-42.27,197.62,133,2025-06-20 13:54:57.888,151,2025-06-20 13:54:57.908,D:\test_image\run44\frames_cam0\cam0_0133.png,D:\test_image\run44\frames_cam1\cam1_0151.png
2025-06-20 13:54:58.052,197.62,33.38,103.61,180.0,-43.02,197.62,134,2025-06-20 13:54:57.998,152,2025-06-20 13:54:58.004,D:\test_image\run44\frames_cam0\cam0_0134.png,D:\test_image\run44\frames_cam1\cam1_0152.png
2025-06-20 13:54:58.185,197.62,32.76,103.46,180.0,-43.79,197.62,136,2025-06-20 13:54:58.216,154,2025-06-20 13:54:58.215,D:\test_image\run44\frames_cam0\cam0_0136.png,D:\test_image\run44\frames_cam1\cam1_0154.png
2025-06-20 13:54:58.317,197.62,31.56,103.12,180.0,-45.33,197.62,137,2025-06-20 13:54:58.316,155,2025-06-20 13:54:58.316,D:\test_image\run44\frames_cam0\cam0_0137.png,D:\test_image\run44\frames_cam1\cam1_0155.png
2025-06-20 13:54:58.450,197.62,30.97,102.93,180.0,-46.11,197.62,138,2025-06-20 13:54:58.424,156,2025-06-20 13:54:58.426,D:\test_image\run44\frames_cam0\cam0_0138.png,D:\test_image\run44\frames_cam1\cam1_0156.png
2025-06-20 13:54:58.581,197.63,30.39,102.72,180.0,-46.89,197.63,139,2025-06-20 13:54:58.534,158,2025-06-20 13:54:58.603,D:\test_image\run44\frames_cam0\cam0_0139.png,D:\test_image\run44\frames_cam1\cam1_0158.png
2025-06-20 13:54:58.722,197.63,29.26,102.28,180.0,-48.46,197.63,141,2025-06-20 13:54:58.742,159,2025-06-20 13:54:58.702,D:\test_image\run44\frames_cam0\cam0_0141.png,D:\test_image\run44\frames_cam1\cam1_0159.png
2025-06-20 13:54:58.849,197.63,28.71,102.04,180.0,-49.25,197.63,142,2025-06-20 13:54:58.854,160,2025-06-20 13:54:58.803,D:\test_image\run44\frames_cam0\cam0_0142.png,D:\test_image\run44\frames_cam1\cam1_0160.png
2025-06-20 13:54:58.980,197.63,28.23,101.82,180.0,-49.95,197.63,143,2025-06-20 13:54:58.976,162,2025-06-20 13:54:59.005,D:\test_image\run44\frames_cam0\cam0_0143.png,D:\test_image\run44\frames_cam1\cam1_0162.png
2025-06-20 13:54:59.112,197.63,27.52,101.47,180.0,-51.01,197.63,144,2025-06-20 13:54:59.100,163,2025-06-20 13:54:59.104,D:\test_image\run44\frames_cam0\cam0_0144.png,D:\test_image\run44\frames_cam1\cam1_0163.png
2025-06-20 13:54:59.245,197.63,27.29,101.35,180.0,-51.36,197.63,145,2025-06-20 13:54:59.218,164,2025-06-20 13:54:59.218,D:\test_image\run44\frames_cam0\cam0_0145.png,D:\test_image\run44\frames_cam1\cam1_0164.png
2025-06-20 13:54:59.378,197.63,27.14,101.27,180.0,-51.59,197.63,147,2025-06-20 13:54:59.418,166,2025-06-20 13:54:59.417,D:\test_image\run44\frames_cam0\cam0_0147.png,D:\test_image\run44\frames_cam1\cam1_0166.png
2025-06-20 13:54:59.520,197.63,27.06,101.22,180.0,-51.72,197.63,148,2025-06-20 13:54:59.528,167,2025-06-20 13:54:59.509,D:\test_image\run44\frames_cam0\cam0_0148.png,D:\test_image\run44\frames_cam1\cam1_0167.png
2025-06-20 13:54:59.644,197.63,27.06,101.22,180.0,-51.72,197.63,149,2025-06-20 13:54:59.653,168,2025-06-20 13:54:59.608,D:\test_image\run44\frames_cam0\cam0_0149.png,D:\test_image\run44\frames_cam1\cam1_0168.png
2025-06-20 13:54:59.775,197.63,27.06,101.22,180.0,-51.72,197.63,150,2025-06-20 13:54:59.768,170,2025-06-20 13:54:59.808,D:\test_image\run44\frames_cam0\cam0_0150.png,D:\test_image\run44\frames_cam1\cam1_0170.png
2025-06-20 13:54:59.908,197.41,27.01,101.3,180.0,-51.69,197.41,151,2025-06-20 13:54:59.881,171,2025-06-20 13:54:59.907,D:\test_image\run44\frames_cam0\cam0_0151.png,D:\test_image\run44\frames_cam1\cam1_0171.png
2025-06-20 13:55:00.041,197.14,26.95,101.4,180.0,-51.65,197.14,152,2025-06-20 13:54:59.999,172,2025-06-20 13:55:00.012,D:\test_image\run44\frames_cam0\cam0_0152.png,D:\test_image\run44\frames_cam1\cam1_0172.png
2025-06-20 13:55:00.182,196.77,26.87,101.53,180.0,-51.6,196.77,154,2025-06-20 13:55:00.215,174,2025-06-20 13:55:00.215,D:\test_image\run44\frames_cam0\cam0_0154.png,D:\test_image\run44\frames_cam1\cam1_0174.png
2025-06-20 13:55:00.310,195.72,26.65,101.89,180.0,-51.46,195.72,155,2025-06-20 13:55:00.340,175,2025-06-20 13:55:00.298,D:\test_image\run44\frames_cam0\cam0_0155.png,D:\test_image\run44\frames_cam1\cam1_0175.png
2025-06-20 13:55:00.440,195.05,26.52,102.1,180.0,-51.38,195.05,156,2025-06-20 13:55:00.443,176,2025-06-20 13:55:00.408,D:\test_image\run44\frames_cam0\cam0_0156.png,D:\test_image\run44\frames_cam1\cam1_0176.png
2025-06-20 13:55:00.573,194.35,26.39,102.3,180.0,-51.3,194.35,157,2025-06-20 13:55:00.577,178,2025-06-20 13:55:00.602,D:\test_image\run44\frames_cam0\cam0_0157.png,D:\test_image\run44\frames_cam1\cam1_0178.png
2025-06-20 13:55:00.703,192.95,26.16,102.68,180.0,-51.16,192.95,158,2025-06-20 13:55:00.680,179,2025-06-20 13:55:00.706,D:\test_image\run44\frames_cam0\cam0_0158.png,D:\test_image\run44\frames_cam1\cam1_0179.png
2025-06-20 13:55:00.835,192.25,26.06,102.84,180.0,-51.09,192.25,159,2025-06-20 13:55:00.833,180,2025-06-20 13:55:00.807,D:\test_image\run44\frames_cam0\cam0_0159.png,D:\test_image\run44\frames_cam1\cam1_0180.png
2025-06-20 13:55:00.968,191.54,25.97,103.0,180.0,-51.04,191.54,160,2025-06-20 13:55:00.939,182,2025-06-20 13:55:01.001,D:\test_image\run44\frames_cam0\cam0_0160.png,D:\test_image\run44\frames_cam1\cam1_0182.png
2025-06-20 13:55:01.101,190.13,25.8,103.26,180.0,-50.94,190.13,161,2025-06-20 13:55:01.054,183,2025-06-20 13:55:01.105,D:\test_image\run44\frames_cam0\cam0_0161.png,D:\test_image\run44\frames_cam1\cam1_0183.png
2025-06-20 13:55:01.233,189.42,25.73,103.38,180.0,-50.89,189.42,163,2025-06-20 13:55:01.281,184,2025-06-20 13:55:01.202,D:\test_image\run44\frames_cam0\cam0_0163.png,D:\test_image\run44\frames_cam1\cam1_0184.png
2025-06-20 13:55:01.366,188.7,25.67,103.48,180.0,-50.85,188.7,164,2025-06-20 13:55:01.407,186,2025-06-20 13:55:01.408,D:\test_image\run44\frames_cam0\cam0_0164.png,D:\test_image\run44\frames_cam1\cam1_0186.png
2025-06-20 13:55:01.504,187.28,25.57,103.64,180.0,-50.79,187.28,165,2025-06-20 13:55:01.511,187,2025-06-20 13:55:01.514,D:\test_image\run44\frames_cam0\cam0_0165.png,D:\test_image\run44\frames_cam1\cam1_0187.png
2025-06-20 13:55:01.631,186.56,25.52,103.71,180.0,-50.77,186.56,166,2025-06-20 13:55:01.660,188,2025-06-20 13:55:01.619,D:\test_image\run44\frames_cam0\cam0_0166.png,D:\test_image\run44\frames_cam1\cam1_0188.png
2025-06-20 13:55:01.766,185.85,25.5,103.75,180.0,-50.75,185.85,167,2025-06-20 13:55:01.773,190,2025-06-20 13:55:01.807,D:\test_image\run44\frames_cam0\cam0_0167.png,D:\test_image\run44\frames_cam1\cam1_0190.png
2025-06-20 13:55:01.904,184.41,25.45,103.81,180.0,-50.72,184.42,168,2025-06-20 13:55:01.911,191,2025-06-20 13:55:01.912,D:\test_image\run44\frames_cam0\cam0_0168.png,D:\test_image\run44\frames_cam1\cam1_0191.png
2025-06-20 13:55:02.028,183.7,25.45,103.83,180.0,-50.72,183.7,169,2025-06-20 13:55:02.016,192,2025-06-20 13:55:02.018,D:\test_image\run44\frames_cam0\cam0_0169.png,D:\test_image\run44\frames_cam1\cam1_0192.png
2025-06-20 13:55:02.161,182.99,25.45,103.83,180.0,-50.72,182.99,170,2025-06-20 13:55:02.116,193,2025-06-20 13:55:02.116,D:\test_image\run44\frames_cam0\cam0_0170.png,D:\test_image\run44\frames_cam1\cam1_0193.png
2025-06-20 13:55:02.299,181.56,25.47,103.79,180.0,-50.74,181.56,172,2025-06-20 13:55:02.330,195,2025-06-20 13:55:02.305,D:\test_image\run44\frames_cam0\cam0_0172.png,D:\test_image\run44\frames_cam1\cam1_0195.png
2025-06-20 13:55:02.426,180.85,25.5,103.74,180.0,-50.76,180.85,173,2025-06-20 13:55:02.435,196,2025-06-20 13:55:02.407,D:\test_image\run44\frames_cam0\cam0_0173.png,D:\test_image\run44\frames_cam1\cam1_0196.png
2025-06-20 13:55:02.557,180.14,25.53,103.69,180.0,-50.78,180.14,174,2025-06-20 13:55:02.536,198,2025-06-20 13:55:02.599,D:\test_image\run44\frames_cam0\cam0_0174.png,D:\test_image\run44\frames_cam1\cam1_0198.png
2025-06-20 13:55:02.700,178.72,25.63,103.53,180.0,-50.84,178.72,176,2025-06-20 13:55:02.748,199,2025-06-20 13:55:02.703,D:\test_image\run44\frames_cam0\cam0_0176.png,D:\test_image\run44\frames_cam1\cam1_0199.png
2025-06-20 13:55:02.823,178.02,25.69,103.44,180.0,-50.87,178.02,177,2025-06-20 13:55:02.871,200,2025-06-20 13:55:02.806,D:\test_image\run44\frames_cam0\cam0_0177.png,D:\test_image\run44\frames_cam1\cam1_0200.png
2025-06-20 13:55:02.964,177.31,25.76,103.33,180.0,-50.91,177.32,178,2025-06-20 13:55:02.972,202,2025-06-20 13:55:03.006,D:\test_image\run44\frames_cam0\cam0_0178.png,D:\test_image\run44\frames_cam1\cam1_0202.png
2025-06-20 13:55:03.087,175.92,25.92,103.07,180.0,-51.01,175.92,179,2025-06-20 13:55:03.077,203,2025-06-20 13:55:03.106,D:\test_image\run44\frames_cam0\cam0_0179.png,D:\test_image\run44\frames_cam1\cam1_0203.png
2025-06-20 13:55:03.219,175.22,26.01,102.93,180.0,-51.06,175.22,180,2025-06-20 13:55:03.175,204,2025-06-20 13:55:03.201,D:\test_image\run44\frames_cam0\cam0_0180.png,D:\test_image\run44\frames_cam1\cam1_0204.png
2025-06-20 13:55:03.351,174.53,26.11,102.77,180.0,-51.12,174.53,181,2025-06-20 13:55:03.299,205,2025-06-20 13:55:03.307,D:\test_image\run44\frames_cam0\cam0_0181.png,D:\test_image\run44\frames_cam1\cam1_0205.png
2025-06-20 13:55:03.484,173.84,26.21,102.6,180.0,-51.19,173.84,183,2025-06-20 13:55:03.517,207,2025-06-20 13:55:03.519,D:\test_image\run44\frames_cam0\cam0_0183.png,D:\test_image\run44\frames_cam1\cam1_0207.png
2025-06-20 13:55:03.618,172.47,26.45,102.21,180.0,-51.34,172.47,184,2025-06-20 13:55:03.626,208,2025-06-20 13:55:03.605,D:\test_image\run44\frames_cam0\cam0_0184.png,D:\test_image\run44\frames_cam1\cam1_0208.png
2025-06-20 13:55:03.749,171.79,26.58,102.0,180.0,-51.42,171.8,185,2025-06-20 13:55:03.721,209,2025-06-20 13:55:03.712,D:\test_image\run44\frames_cam0\cam0_0185.png,D:\test_image\run44\frames_cam1\cam1_0209.png
2025-06-20 13:55:03.881,171.12,26.72,101.78,180.0,-51.5,171.12,187,2025-06-20 13:55:03.939,211,2025-06-20 13:55:03.901,D:\test_image\run44\frames_cam0\cam0_0187.png,D:\test_image\run44\frames_cam1\cam1_0211.png
2025-06-20 13:55:04.014,169.78,27.02,101.29,180.0,-51.69,169.78,188,2025-06-20 13:55:04.046,212,2025-06-20 13:55:04.009,D:\test_image\run44\frames_cam0\cam0_0188.png,D:\test_image\run44\frames_cam1\cam1_0212.png
2025-06-20 13:55:04.146,169.12,27.18,101.03,180.0,-51.79,169.12,189,2025-06-20 13:55:04.149,213,2025-06-20 13:55:04.105,D:\test_image\run44\frames_cam0\cam0_0189.png,D:\test_image\run44\frames_cam1\cam1_0213.png
2025-06-20 13:55:04.283,168.46,27.35,100.76,180.0,-51.9,168.47,190,2025-06-20 13:55:04.277,215,2025-06-20 13:55:04.307,D:\test_image\run44\frames_cam0\cam0_0190.png,D:\test_image\run44\frames_cam1\cam1_0215.png
2025-06-20 13:55:04.414,167.17,27.71,100.17,180.0,-52.13,167.16,191,2025-06-20 13:55:04.374,216,2025-06-20 13:55:04.414,D:\test_image\run44\frames_cam0\cam0_0191.png,D:\test_image\run44\frames_cam1\cam1_0216.png
2025-06-20 13:55:04.544,166.52,27.89,99.86,180.0,-52.25,166.52,193,2025-06-20 13:55:04.573,217,2025-06-20 13:55:04.502,D:\test_image\run44\frames_cam0\cam0_0193.png,D:\test_image\run44\frames_cam1\cam1_0217.png
2025-06-20 13:55:04.683,165.88,28.09,99.54,180.0,-52.37,165.88,194,2025-06-20 13:55:04.676,219,2025-06-20 13:55:04.704,D:\test_image\run44\frames_cam0\cam0_0194.png,D:\test_image\run44\frames_cam1\cam1_0219.png
2025-06-20 13:55:04.810,164.62,28.51,98.85,180.0,-52.64,164.62,195,2025-06-20 13:55:04.804,220,2025-06-20 13:55:04.808,D:\test_image\run44\frames_cam0\cam0_0195.png,D:\test_image\run44\frames_cam1\cam1_0220.png
2025-06-20 13:55:04.943,164.0,28.73,98.48,180.0,-52.79,164.0,196,2025-06-20 13:55:04.929,221,2025-06-20 13:55:04.925,D:\test_image\run44\frames_cam0\cam0_0196.png,D:\test_image\run44\frames_cam1\cam1_0221.png
2025-06-20 13:55:05.075,163.38,28.96,98.11,180.0,-52.94,163.38,197,2025-06-20 13:55:05.022,223,2025-06-20 13:55:05.107,D:\test_image\run44\frames_cam0\cam0_0197.png,D:\test_image\run44\frames_cam1\cam1_0223.png
2025-06-20 13:55:05.209,162.16,29.43,97.32,180.0,-53.25,162.16,199,2025-06-20 13:55:05.241,224,2025-06-20 13:55:05.213,D:\test_image\run44\frames_cam0\cam0_0199.png,D:\test_image\run44\frames_cam1\cam1_0224.png
2025-06-20 13:55:05.343,161.56,29.68,96.91,180.0,-53.41,161.56,200,2025-06-20 13:55:05.343,225,2025-06-20 13:55:05.303,D:\test_image\run44\frames_cam0\cam0_0200.png,D:\test_image\run44\frames_cam1\cam1_0225.png
2025-06-20 13:55:05.495,160.99,29.92,96.5,180.0,-53.58,160.99,201,2025-06-20 13:55:05.450,227,2025-06-20 13:55:05.505,D:\test_image\run44\frames_cam0\cam0_0201.png,D:\test_image\run44\frames_cam1\cam1_0227.png
2025-06-20 13:55:05.607,160.1,30.31,95.84,180.0,-53.84,160.1,203,2025-06-20 13:55:05.656,228,2025-06-20 13:55:05.605,D:\test_image\run44\frames_cam0\cam0_0203.png,D:\test_image\run44\frames_cam1\cam1_0228.png
2025-06-20 13:55:05.747,159.8,30.46,95.6,180.0,-53.94,159.8,204,2025-06-20 13:55:05.755,229,2025-06-20 13:55:05.702,D:\test_image\run44\frames_cam0\cam0_0204.png,D:\test_image\run44\frames_cam1\cam1_0229.png
2025-06-20 13:55:05.879,159.57,30.56,95.43,180.0,-54.01,159.58,205,2025-06-20 13:55:05.883,231,2025-06-20 13:55:05.916,D:\test_image\run44\frames_cam0\cam0_0205.png,D:\test_image\run44\frames_cam1\cam1_0231.png
2025-06-20 13:55:06.006,159.4,30.65,95.29,180.0,-54.07,159.4,206,2025-06-20 13:55:06.041,232,2025-06-20 13:55:06.006,D:\test_image\run44\frames_cam0\cam0_0206.png,D:\test_image\run44\frames_cam1\cam1_0232.png
2025-06-20 13:55:06.137,159.39,30.65,95.28,180.0,-54.07,159.39,207,2025-06-20 13:55:06.140,233,2025-06-20 13:55:06.116,D:\test_image\run44\frames_cam0\cam0_0207.png,D:\test_image\run44\frames_cam1\cam1_0233.png
2025-06-20 13:55:06.271,159.39,30.65,95.28,180.0,-54.07,159.39,208,2025-06-20 13:55:06.253,235,2025-06-20 13:55:06.306,D:\test_image\run44\frames_cam0\cam0_0208.png,D:\test_image\run44\frames_cam1\cam1_0235.png
2025-06-20 13:55:06.404,159.48,30.64,95.29,180.0,-54.06,159.48,209,2025-06-20 13:55:06.367,236,2025-06-20 13:55:06.403,D:\test_image\run44\frames_cam0\cam0_0209.png,D:\test_image\run44\frames_cam1\cam1_0236.png
2025-06-20 13:55:06.537,159.66,30.63,95.32,180.0,-54.05,159.66,210,2025-06-20 13:55:06.485,237,2025-06-20 13:55:06.520,D:\test_image\run44\frames_cam0\cam0_0210.png,D:\test_image\run44\frames_cam1\cam1_0237.png
2025-06-20 13:55:06.669,159.93,30.6,95.38,180.0,-54.02,159.93,211,2025-06-20 13:55:06.634,239,2025-06-20 13:55:06.705,D:\test_image\run44\frames_cam0\cam0_0211.png,D:\test_image\run44\frames_cam1\cam1_0239.png
2025-06-20 13:55:06.808,160.78,30.53,95.51,180.0,-53.96,160.78,213,2025-06-20 13:55:06.839,240,2025-06-20 13:55:06.808,D:\test_image\run44\frames_cam0\cam0_0213.png,D:\test_image\run44\frames_cam1\cam1_0240.png
2025-06-20 13:55:06.933,161.34,30.49,95.6,180.0,-53.92,161.34,214,2025-06-20 13:55:06.969,241,2025-06-20 13:55:06.930,D:\test_image\run44\frames_cam0\cam0_0214.png,D:\test_image\run44\frames_cam1\cam1_0241.png
2025-06-20 13:55:07.066,161.98,30.45,95.67,180.0,-53.88,161.98,215,2025-06-20 13:55:07.074,243,2025-06-20 13:55:07.105,D:\test_image\run44\frames_cam0\cam0_0215.png,D:\test_image\run44\frames_cam1\cam1_0243.png
2025-06-20 13:55:07.198,163.28,30.39,95.8,180.0,-53.81,163.28,216,2025-06-20 13:55:07.172,244,2025-06-20 13:55:07.205,D:\test_image\run44\frames_cam0\cam0_0216.png,D:\test_image\run44\frames_cam1\cam1_0244.png
2025-06-20 13:55:07.331,163.9,30.38,95.83,180.0,-53.79,163.9,217,2025-06-20 13:55:07.277,245,2025-06-20 13:55:07.300,D:\test_image\run44\frames_cam0\cam0_0217.png,D:\test_image\run44\frames_cam1\cam1_0245.png
2025-06-20 13:55:07.464,164.43,30.37,95.86,180.0,-53.77,164.43,218,2025-06-20 13:55:07.418,246,2025-06-20 13:55:07.419,D:\test_image\run44\frames_cam0\cam0_0218.png,D:\test_image\run44\frames_cam1\cam1_0246.png
2025-06-20 13:55:07.601,165.19,30.37,95.89,180.0,-53.75,165.19,220,2025-06-20 13:55:07.623,248,2025-06-20 13:55:07.619,D:\test_image\run44\frames_cam0\cam0_0220.png,D:\test_image\run44\frames_cam1\cam1_0248.png
2025-06-20 13:55:07.729,165.43,30.37,95.89,180.0,-53.74,165.43,221,2025-06-20 13:55:07.726,249,2025-06-20 13:55:07.726,D:\test_image\run44\frames_cam0\cam0_0221.png,D:\test_image\run44\frames_cam1\cam1_0249.png
2025-06-20 13:55:07.861,165.57,30.37,95.89,180.0,-53.74,165.56,222,2025-06-20 13:55:07.839,251,2025-06-20 13:55:07.908,D:\test_image\run44\frames_cam0\cam0_0222.png,D:\test_image\run44\frames_cam1\cam1_0251.png
2025-06-20 13:55:07.994,165.61,30.37,95.89,180.0,-53.74,165.61,223,2025-06-20 13:55:07.949,252,2025-06-20 13:55:08.034,D:\test_image\run44\frames_cam0\cam0_0223.png,D:\test_image\run44\frames_cam1\cam1_0252.png
2025-06-20 13:55:08.133,165.61,30.37,95.89,180.0,-53.74,165.61,224,2025-06-20 13:55:08.137,253,2025-06-20 13:55:08.110,D:\test_image\run44\frames_cam0\cam0_0224.png,D:\test_image\run44\frames_cam1\cam1_0253.png
2025-06-20 13:55:08.259,165.63,30.37,95.9,179.94,-53.71,165.67,225,2025-06-20 13:55:08.239,254,2025-06-20 13:55:08.212,D:\test_image\run44\frames_cam0\cam0_0225.png,D:\test_image\run44\frames_cam1\cam1_0254.png
2025-06-20 13:55:08.397,165.93,30.51,96.11,179.16,-53.21,166.43,226,2025-06-20 13:55:08.343,256,2025-06-20 13:55:08.407,D:\test_image\run44\frames_cam0\cam0_0226.png,D:\test_image\run44\frames_cam1\cam1_0256.png
2025-06-20 13:55:08.524,166.21,30.65,96.31,178.39,-52.74,167.18,228,2025-06-20 13:55:08.576,257,2025-06-20 13:55:08.499,D:\test_image\run44\frames_cam0\cam0_0228.png,D:\test_image\run44\frames_cam1\cam1_0257.png
2025-06-20 13:55:08.657,166.59,30.83,96.56,177.37,-52.14,168.2,229,2025-06-20 13:55:08.684,258,2025-06-20 13:55:08.606,D:\test_image\run44\frames_cam0\cam0_0229.png,D:\test_image\run44\frames_cam1\cam1_0258.png
2025-06-20 13:55:08.796,167.61,31.36,97.23,174.48,-50.61,171.09,230,2025-06-20 13:55:08.820,260,2025-06-20 13:55:08.818,D:\test_image\run44\frames_cam0\cam0_0230.png,D:\test_image\run44\frames_cam1\cam1_0260.png
2025-06-20 13:55:08.921,168.22,31.69,97.6,172.71,-49.77,172.89,231,2025-06-20 13:55:08.941,261,2025-06-20 13:55:08.903,D:\test_image\run44\frames_cam0\cam0_0231.png,D:\test_image\run44\frames_cam1\cam1_0261.png
2025-06-20 13:55:09.054,168.83,32.05,97.95,170.88,-49.0,174.76,232,2025-06-20 13:55:09.049,262,2025-06-20 13:55:09.006,D:\test_image\run44\frames_cam0\cam0_0232.png,D:\test_image\run44\frames_cam1\cam1_0262.png
2025-06-20 13:55:09.195,170.07,32.83,98.59,167.08,-47.63,178.71,233,2025-06-20 13:55:09.151,264,2025-06-20 13:55:09.203,D:\test_image\run44\frames_cam0\cam0_0233.png,D:\test_image\run44\frames_cam1\cam1_0264.png
2025-06-20 13:55:09.319,170.68,33.24,98.89,165.13,-47.05,180.77,235,2025-06-20 13:55:09.364,265,2025-06-20 13:55:09.309,D:\test_image\run44\frames_cam0\cam0_0235.png,D:\test_image\run44\frames_cam1\cam1_0265.png
2025-06-20 13:55:09.451,171.3,33.67,99.16,163.14,-46.54,182.88,236,2025-06-20 13:55:09.474,266,2025-06-20 13:55:09.404,D:\test_image\run44\frames_cam0\cam0_0236.png,D:\test_image\run44\frames_cam1\cam1_0266.png
2025-06-20 13:55:09.583,171.92,34.12,99.42,161.12,-46.09,185.03,237,2025-06-20 13:55:09.574,268,2025-06-20 13:55:09.606,D:\test_image\run44\frames_cam0\cam0_0237.png,D:\test_image\run44\frames_cam1\cam1_0268.png
2025-06-20 13:55:09.716,173.16,35.08,99.87,157.02,-45.43,189.45,238,2025-06-20 13:55:09.666,269,2025-06-20 13:55:09.702,D:\test_image\run44\frames_cam0\cam0_0238.png,D:\test_image\run44\frames_cam1\cam1_0269.png
2025-06-20 13:55:09.848,173.78,35.58,100.06,154.96,-45.21,191.69,239,2025-06-20 13:55:09.810,270,2025-06-20 13:55:09.811,D:\test_image\run44\frames_cam0\cam0_0239.png,D:\test_image\run44\frames_cam1\cam1_0270.png
2025-06-20 13:55:09.981,174.4,36.11,100.23,152.89,-45.07,193.95,240,2025-06-20 13:55:09.957,272,2025-06-20 13:55:10.004,D:\test_image\run44\frames_cam0\cam0_0240.png,D:\test_image\run44\frames_cam1\cam1_0272.png
2025-06-20 13:55:10.113,175.63,37.21,100.52,148.8,-45.0,198.48,241,2025-06-20 13:55:10.057,273,2025-06-20 13:55:10.105,D:\test_image\run44\frames_cam0\cam0_0241.png,D:\test_image\run44\frames_cam1\cam1_0273.png
2025-06-20 13:55:10.246,176.25,37.78,100.62,146.78,-45.08,200.73,242,2025-06-20 13:55:10.203,274,2025-06-20 13:55:10.211,D:\test_image\run44\frames_cam0\cam0_0242.png,D:\test_image\run44\frames_cam1\cam1_0274.png
2025-06-20 13:55:10.385,176.86,38.37,100.71,144.8,-45.25,202.96,244,2025-06-20 13:55:10.431,276,2025-06-20 13:55:10.428,D:\test_image\run44\frames_cam0\cam0_0244.png,D:\test_image\run44\frames_cam1\cam1_0276.png
2025-06-20 13:55:10.510,178.08,39.6,100.82,140.96,-45.78,207.33,245,2025-06-20 13:55:10.531,277,2025-06-20 13:55:10.504,D:\test_image\run44\frames_cam0\cam0_0245.png,D:\test_image\run44\frames_cam1\cam1_0277.png
2025-06-20 13:55:10.650,178.69,40.24,100.84,139.12,-46.16,209.46,246,2025-06-20 13:55:10.658,278,2025-06-20 13:55:10.604,D:\test_image\run44\frames_cam0\cam0_0246.png,D:\test_image\run44\frames_cam1\cam1_0278.png
2025-06-20 13:55:10.784,179.29,40.9,100.85,137.33,-46.59,211.53,247,2025-06-20 13:55:10.759,280,2025-06-20 13:55:10.804,D:\test_image\run44\frames_cam0\cam0_0247.png,D:\test_image\run44\frames_cam1\cam1_0280.png
2025-06-20 13:55:10.908,180.49,42.25,100.78,133.96,-47.65,215.52,248,2025-06-20 13:55:10.879,281,2025-06-20 13:55:10.908,D:\test_image\run44\frames_cam0\cam0_0248.png,D:\test_image\run44\frames_cam1\cam1_0281.png
2025-06-20 13:55:11.041,181.09,42.95,100.7,132.37,-48.27,217.42,250,2025-06-20 13:55:11.088,282,2025-06-20 13:55:11.008,D:\test_image\run44\frames_cam0\cam0_0250.png,D:\test_image\run44\frames_cam1\cam1_0282.png
2025-06-20 13:55:11.187,181.68,43.66,100.61,130.85,-48.93,219.26,251,2025-06-20 13:55:11.206,284,2025-06-20 13:55:11.208,D:\test_image\run44\frames_cam0\cam0_0251.png,D:\test_image\run44\frames_cam1\cam1_0284.png
2025-06-20 13:55:11.314,182.85,45.13,100.35,128.03,-50.42,222.75,252,2025-06-20 13:55:11.319,285,2025-06-20 13:55:11.322,D:\test_image\run44\frames_cam0\cam0_0252.png,D:\test_image\run44\frames_cam1\cam1_0285.png
2025-06-20 13:55:11.438,183.43,45.88,100.19,126.73,-51.24,224.39,253,2025-06-20 13:55:11.438,286,2025-06-20 13:55:11.438,D:\test_image\run44\frames_cam0\cam0_0253.png,D:\test_image\run44\frames_cam1\cam1_0286.png
2025-06-20 13:55:11.571,184.0,46.64,100.0,125.51,-52.09,225.96,254,2025-06-20 13:55:11.521,287,2025-06-20 13:55:11.522,D:\test_image\run44\frames_cam0\cam0_0254.png,D:\test_image\run44\frames_cam1\cam1_0287.png
2025-06-20 13:55:11.706,185.14,48.2,99.56,123.26,-53.92,228.9,256,2025-06-20 13:55:11.723,289,2025-06-20 13:55:11.718,D:\test_image\run44\frames_cam0\cam0_0256.png,D:\test_image\run44\frames_cam1\cam1_0289.png
2025-06-20 13:55:11.837,185.7,49.0,99.3,122.24,-54.88,230.27,257,2025-06-20 13:55:11.839,290,2025-06-20 13:55:11.805,D:\test_image\run44\frames_cam0\cam0_0257.png,D:\test_image\run44\frames_cam1\cam1_0290.png
2025-06-20 13:55:11.969,186.25,49.8,99.03,121.29,-55.88,231.58,258,2025-06-20 13:55:11.965,292,2025-06-20 13:55:12.000,D:\test_image\run44\frames_cam0\cam0_0258.png,D:\test_image\run44\frames_cam1\cam1_0292.png
2025-06-20 13:55:12.101,187.35,51.45,98.4,119.56,-57.95,234.01,259,2025-06-20 13:55:12.069,293,2025-06-20 13:55:12.106,D:\test_image\run44\frames_cam0\cam0_0259.png,D:\test_image\run44\frames_cam1\cam1_0293.png
2025-06-20 13:55:12.234,187.89,52.28,98.05,118.79,-59.03,235.13,260,2025-06-20 13:55:12.183,294,2025-06-20 13:55:12.211,D:\test_image\run44\frames_cam0\cam0_0260.png,D:\test_image\run44\frames_cam1\cam1_0294.png
2025-06-20 13:55:12.370,188.42,53.12,97.69,118.07,-60.13,236.2,262,2025-06-20 13:55:12.410,296,2025-06-20 13:55:12.411,D:\test_image\run44\frames_cam0\cam0_0262.png,D:\test_image\run44\frames_cam1\cam1_0296.png
2025-06-20 13:55:12.502,189.47,54.83,96.88,116.79,-62.38,238.16,263,2025-06-20 13:55:12.507,297,2025-06-20 13:55:12.508,D:\test_image\run44\frames_cam0\cam0_0263.png,D:\test_image\run44\frames_cam1\cam1_0297.png
2025-06-20 13:55:12.631,189.99,55.7,96.44,116.22,-63.54,239.06,264,2025-06-20 13:55:12.614,298,2025-06-20 13:55:12.614,D:\test_image\run44\frames_cam0\cam0_0264.png,D:\test_image\run44\frames_cam1\cam1_0298.png
2025-06-20 13:55:12.764,190.5,56.57,95.98,115.69,-64.71,239.92,265,2025-06-20 13:55:12.732,300,2025-06-20 13:55:12.806,D:\test_image\run44\frames_cam0\cam0_0265.png,D:\test_image\run44\frames_cam1\cam1_0300.png
2025-06-20 13:55:12.903,191.49,58.34,94.99,114.76,-67.1,241.48,267,2025-06-20 13:55:12.959,301,2025-06-20 13:55:12.905,D:\test_image\run44\frames_cam0\cam0_0267.png,D:\test_image\run44\frames_cam1\cam1_0301.png
2025-06-20 13:55:13.028,191.99,59.23,94.47,114.35,-68.31,242.19,268,2025-06-20 13:55:13.083,302,2025-06-20 13:55:13.007,D:\test_image\run44\frames_cam0\cam0_0268.png,D:\test_image\run44\frames_cam1\cam1_0302.png
2025-06-20 13:55:13.161,192.47,60.13,93.92,113.97,-69.54,242.86,269,2025-06-20 13:55:13.209,303,2025-06-20 13:55:13.114,D:\test_image\run44\frames_cam0\cam0_0269.png,D:\test_image\run44\frames_cam1\cam1_0303.png
2025-06-20 13:55:13.301,193.42,61.93,92.76,113.32,-72.02,244.07,270,2025-06-20 13:55:13.324,305,2025-06-20 13:55:13.321,D:\test_image\run44\frames_cam0\cam0_0270.png,D:\test_image\run44\frames_cam1\cam1_0305.png
2025-06-20 13:55:13.430,193.88,62.84,92.14,113.03,-73.28,244.62,271,2025-06-20 13:55:13.438,306,2025-06-20 13:55:13.407,D:\test_image\run44\frames_cam0\cam0_0271.png,D:\test_image\run44\frames_cam1\cam1_0306.png
2025-06-20 13:55:13.558,194.34,63.76,91.5,112.76,-74.55,245.13,272,2025-06-20 13:55:13.533,307,2025-06-20 13:55:13.509,D:\test_image\run44\frames_cam0\cam0_0272.png,D:\test_image\run44\frames_cam1\cam1_0307.png
2025-06-20 13:55:13.690,195.23,65.61,90.17,112.29,-77.1,246.04,273,2025-06-20 13:55:13.635,309,2025-06-20 13:55:13.707,D:\test_image\run44\frames_cam0\cam0_0273.png,D:\test_image\run44\frames_cam1\cam1_0309.png
2025-06-20 13:55:13.823,195.67,66.54,89.47,112.08,-78.4,246.44,275,2025-06-20 13:55:13.866,310,2025-06-20 13:55:13.803,D:\test_image\run44\frames_cam0\cam0_0275.png,D:\test_image\run44\frames_cam1\cam1_0310.png
2025-06-20 13:55:13.955,196.1,67.47,88.75,111.89,-79.7,246.8,276,2025-06-20 13:55:14.010,311,2025-06-20 13:55:13.909,D:\test_image\run44\frames_cam0\cam0_0276.png,D:\test_image\run44\frames_cam1\cam1_0311.png
2025-06-20 13:55:14.109,196.94,69.35,87.24,111.55,-82.31,247.44,277,2025-06-20 13:55:14.114,313,2025-06-20 13:55:14.114,D:\test_image\run44\frames_cam0\cam0_0277.png,D:\test_image\run44\frames_cam1\cam1_0313.png
2025-06-20 13:55:14.220,197.35,70.28,86.46,111.39,-83.61,247.71,278,2025-06-20 13:55:14.220,314,2025-06-20 13:55:14.217,D:\test_image\run44\frames_cam0\cam0_0278.png,D:\test_image\run44\frames_cam1\cam1_0314.png
2025-06-20 13:55:14.355,197.71,71.13,85.74,111.26,-84.8,247.93,279,2025-06-20 13:55:14.340,315,2025-06-20 13:55:14.303,D:\test_image\run44\frames_cam0\cam0_0279.png,D:\test_image\run44\frames_cam1\cam1_0315.png
2025-06-20 13:55:14.486,198.01,71.84,85.12,111.15,-85.79,248.09,280,2025-06-20 13:55:14.516,317,2025-06-20 13:55:14.519,D:\test_image\run44\frames_cam0\cam0_0280.png,D:\test_image\run44\frames_cam1\cam1_0317.png
2025-06-20 13:55:14.623,198.42,72.84,84.23,111.0,-87.19,248.29,281,2025-06-20 13:55:14.628,318,2025-06-20 13:55:14.630,D:\test_image\run44\frames_cam0\cam0_0281.png,D:\test_image\run44\frames_cam1\cam1_0318.png
2025-06-20 13:55:14.751,198.54,73.13,83.98,110.96,-87.59,248.34,282,2025-06-20 13:55:14.738,319,2025-06-20 13:55:14.707,D:\test_image\run44\frames_cam0\cam0_0282.png,D:\test_image\run44\frames_cam1\cam1_0319.png
2025-06-20 13:55:14.884,198.6,73.27,83.85,110.94,-87.79,248.36,283,2025-06-20 13:55:14.861,321,2025-06-20 13:55:14.907,D:\test_image\run44\frames_cam0\cam0_0283.png,D:\test_image\run44\frames_cam1\cam1_0321.png
2025-06-20 13:55:15.016,198.61,73.3,83.82,110.93,-87.83,248.37,284,2025-06-20 13:55:14.978,322,2025-06-20 13:55:15.005,D:\test_image\run44\frames_cam0\cam0_0284.png,D:\test_image\run44\frames_cam1\cam1_0322.png
2025-06-20 13:55:15.149,198.61,73.3,83.82,110.93,-87.83,248.37,285,2025-06-20 13:55:15.110,323,2025-06-20 13:55:15.110,D:\test_image\run44\frames_cam0\cam0_0285.png,D:\test_image\run44\frames_cam1\cam1_0323.png
2025-06-20 13:55:15.292,198.58,73.25,83.89,110.93,-87.73,248.36,287,2025-06-20 13:55:15.323,325,2025-06-20 13:55:15.324,D:\test_image\run44\frames_cam0\cam0_0287.png,D:\test_image\run44\frames_cam1\cam1_0325.png
2025-06-20 13:55:15.413,198.31,72.68,84.43,110.97,-86.95,248.3,288,2025-06-20 13:55:15.438,326,2025-06-20 13:55:15.405,D:\test_image\run44\frames_cam0\cam0_0288.png,D:\test_image\run44\frames_cam1\cam1_0326.png
2025-06-20 13:55:15.546,198.08,72.2,84.88,111.0,-86.27,248.23,289,2025-06-20 13:55:15.522,327,2025-06-20 13:55:15.522,D:\test_image\run44\frames_cam0\cam0_0289.png,D:\test_image\run44\frames_cam1\cam1_0327.png
2025-06-20 13:55:15.678,197.78,71.59,85.46,111.03,-85.41,248.14,290,2025-06-20 13:55:15.640,329,2025-06-20 13:55:15.707,D:\test_image\run44\frames_cam0\cam0_0290.png,D:\test_image\run44\frames_cam1\cam1_0329.png
2025-06-20 13:55:15.810,196.98,70.0,86.93,111.13,-83.16,247.84,292,2025-06-20 13:55:15.847,330,2025-06-20 13:55:15.808,D:\test_image\run44\frames_cam0\cam0_0292.png,D:\test_image\run44\frames_cam1\cam1_0330.png
2025-06-20 13:55:15.943,196.52,69.13,87.73,111.19,-81.91,247.63,293,2025-06-20 13:55:15.973,331,2025-06-20 13:55:15.908,D:\test_image\run44\frames_cam0\cam0_0293.png,D:\test_image\run44\frames_cam1\cam1_0331.png
2025-06-20 13:55:16.076,196.06,68.24,88.5,111.25,-80.67,247.39,294,2025-06-20 13:55:16.074,333,2025-06-20 13:55:16.106,D:\test_image\run44\frames_cam0\cam0_0294.png,D:\test_image\run44\frames_cam1\cam1_0333.png
2025-06-20 13:55:16.209,195.11,66.49,89.99,111.41,-78.2,246.83,295,2025-06-20 13:55:16.186,334,2025-06-20 13:55:16.216,D:\test_image\run44\frames_cam0\cam0_0295.png,D:\test_image\run44\frames_cam1\cam1_0334.png
2025-06-20 13:55:16.342,194.63,65.63,90.7,111.5,-76.97,246.5,296,2025-06-20 13:55:16.316,335,2025-06-20 13:55:16.316,D:\test_image\run44\frames_cam0\cam0_0296.png,D:\test_image\run44\frames_cam1\cam1_0335.png
2025-06-20 13:55:16.484,194.14,64.76,91.39,111.61,-75.75,246.15,298,2025-06-20 13:55:16.538,337,2025-06-20 13:55:16.505,D:\test_image\run44\frames_cam0\cam0_0298.png,D:\test_image\run44\frames_cam1\cam1_0337.png
2025-06-20 13:55:16.607,193.14,63.04,92.71,111.87,-73.32,245.33,299,2025-06-20 13:55:16.637,338,2025-06-20 13:55:16.605,D:\test_image\run44\frames_cam0\cam0_0299.png,D:\test_image\run44\frames_cam1\cam1_0338.png
2025-06-20 13:55:16.739,192.63,62.2,93.34,112.02,-72.12,244.88,300,2025-06-20 13:55:16.740,339,2025-06-20 13:55:16.706,D:\test_image\run44\frames_cam0\cam0_0300.png,D:\test_image\run44\frames_cam1\cam1_0339.png
2025-06-20 13:55:16.885,192.12,61.34,93.95,112.2,-70.92,244.39,301,2025-06-20 13:55:16.863,341,2025-06-20 13:55:16.908,D:\test_image\run44\frames_cam0\cam0_0301.png,D:\test_image\run44\frames_cam1\cam1_0341.png
2025-06-20 13:55:17.004,191.07,59.66,95.11,112.62,-68.55,243.3,302,2025-06-20 13:55:16.979,342,2025-06-20 13:55:17.005,D:\test_image\run44\frames_cam0\cam0_0302.png,D:\test_image\run44\frames_cam1\cam1_0342.png
2025-06-20 13:55:17.136,190.53,58.82,95.66,112.87,-67.38,242.69,303,2025-06-20 13:55:17.118,343,2025-06-20 13:55:17.119,D:\test_image\run44\frames_cam0\cam0_0303.png,D:\test_image\run44\frames_cam1\cam1_0343.png
2025-06-20 13:55:17.269,189.99,58.0,96.18,113.15,-66.22,242.05,305,2025-06-20 13:55:17.318,344,2025-06-20 13:55:17.218,D:\test_image\run44\frames_cam0\cam0_0305.png,D:\test_image\run44\frames_cam1\cam1_0344.png
2025-06-20 13:55:17.402,188.89,56.35,97.17,113.81,-63.92,240.63,306,2025-06-20 13:55:17.434,346,2025-06-20 13:55:17.405,D:\test_image\run44\frames_cam0\cam0_0306.png,D:\test_image\run44\frames_cam1\cam1_0346.png
2025-06-20 13:55:17.534,188.33,55.53,97.63,114.19,-62.79,239.86,307,2025-06-20 13:55:17.533,347,2025-06-20 13:55:17.507,D:\test_image\run44\frames_cam0\cam0_0307.png,D:\test_image\run44\frames_cam1\cam1_0347.png
2025-06-20 13:55:17.667,187.77,54.73,98.07,114.61,-61.67,239.04,308,2025-06-20 13:55:17.638,349,2025-06-20 13:55:17.705,D:\test_image\run44\frames_cam0\cam0_0308.png,D:\test_image\run44\frames_cam1\cam1_0349.png
2025-06-20 13:55:17.801,186.62,53.13,98.89,115.57,-59.48,237.25,310,2025-06-20 13:55:17.855,350,2025-06-20 13:55:17.805,D:\test_image\run44\frames_cam0\cam0_0310.png,D:\test_image\run44\frames_cam1\cam1_0350.png
2025-06-20 13:55:17.934,186.04,52.34,99.26,116.13,-58.4,236.28,311,2025-06-20 13:55:17.966,351,2025-06-20 13:55:17.909,D:\test_image\run44\frames_cam0\cam0_0311.png,D:\test_image\run44\frames_cam1\cam1_0351.png
2025-06-20 13:55:18.064,185.45,51.56,99.62,116.73,-57.35,235.25,312,2025-06-20 13:55:18.083,353,2025-06-20 13:55:18.111,D:\test_image\run44\frames_cam0\cam0_0312.png,D:\test_image\run44\frames_cam1\cam1_0353.png
2025-06-20 13:55:18.205,184.25,50.02,100.26,118.09,-55.29,233.03,313,2025-06-20 13:55:18.184,354,2025-06-20 13:55:18.213,D:\test_image\run44\frames_cam0\cam0_0313.png,D:\test_image\run44\frames_cam1\cam1_0354.png
2025-06-20 13:55:18.329,183.65,49.27,100.54,118.86,-54.3,231.83,314,2025-06-20 13:55:18.322,355,2025-06-20 13:55:18.324,D:\test_image\run44\frames_cam0\cam0_0314.png,D:\test_image\run44\frames_cam1\cam1_0355.png
2025-06-20 13:55:18.462,183.04,48.52,100.81,119.69,-53.33,230.57,315,2025-06-20 13:55:18.430,356,2025-06-20 13:55:18.431,D:\test_image\run44\frames_cam0\cam0_0315.png,D:\test_image\run44\frames_cam1\cam1_0356.png
2025-06-20 13:55:18.599,181.81,47.05,101.27,121.54,-51.47,227.86,316,2025-06-20 13:55:18.541,358,2025-06-20 13:55:18.607,D:\test_image\run44\frames_cam0\cam0_0316.png,D:\test_image\run44\frames_cam1\cam1_0358.png
2025-06-20 13:55:18.727,181.19,46.33,101.46,122.56,-50.58,226.41,318,2025-06-20 13:55:18.774,359,2025-06-20 13:55:18.705,D:\test_image\run44\frames_cam0\cam0_0318.png,D:\test_image\run44\frames_cam1\cam1_0359.png
2025-06-20 13:55:18.873,180.56,45.63,101.64,123.66,-49.73,224.88,319,2025-06-20 13:55:18.881,361,2025-06-20 13:55:18.920,D:\test_image\run44\frames_cam0\cam0_0319.png,D:\test_image\run44\frames_cam1\cam1_0361.png
2025-06-20 13:55:19.007,179.3,44.25,101.92,126.06,-48.14,221.63,320,2025-06-20 13:55:19.014,362,2025-06-20 13:55:19.015,D:\test_image\run44\frames_cam0\cam0_0320.png,D:\test_image\run44\frames_cam1\cam1_0362.png
2025-06-20 13:55:19.123,178.66,43.58,102.02,127.37,-47.41,219.91,321,2025-06-20 13:55:19.112,363,2025-06-20 13:55:19.115,D:\test_image\run44\frames_cam0\cam0_0321.png,D:\test_image\run44\frames_cam1\cam1_0363.png
2025-06-20 13:55:19.256,178.03,42.91,102.11,128.75,-46.72,218.11,322,2025-06-20 13:55:19.226,365,2025-06-20 13:55:19.307,D:\test_image\run44\frames_cam0\cam0_0322.png,D:\test_image\run44\frames_cam1\cam1_0365.png
2025-06-20 13:55:19.402,176.74,41.64,102.21,131.73,-45.49,214.32,324,2025-06-20 13:55:19.440,366,2025-06-20 13:55:19.411,D:\test_image\run44\frames_cam0\cam0_0324.png,D:\test_image\run44\frames_cam1\cam1_0366.png
2025-06-20 13:55:19.521,176.09,41.02,102.22,133.33,-44.95,212.32,325,2025-06-20 13:55:19.545,367,2025-06-20 13:55:19.515,D:\test_image\run44\frames_cam0\cam0_0325.png,D:\test_image\run44\frames_cam1\cam1_0367.png
2025-06-20 13:55:19.653,175.44,40.41,102.22,134.99,-44.47,210.27,326,2025-06-20 13:55:19.658,368,2025-06-20 13:55:19.607,D:\test_image\run44\frames_cam0\cam0_0326.png,D:\test_image\run44\frames_cam1\cam1_0368.png
2025-06-20 13:55:19.786,174.79,39.82,102.2,136.72,-44.05,208.16,327,2025-06-20 13:55:19.766,370,2025-06-20 13:55:19.807,D:\test_image\run44\frames_cam0\cam0_0327.png,D:\test_image\run44\frames_cam1\cam1_0370.png
2025-06-20 13:55:19.918,173.48,38.68,102.07,140.34,-43.4,203.81,328,2025-06-20 13:55:19.886,371,2025-06-20 13:55:19.913,D:\test_image\run44\frames_cam0\cam0_0328.png,D:\test_image\run44\frames_cam1\cam1_0371.png
2025-06-20 13:55:20.051,172.82,38.14,101.97,142.23,-43.18,201.56,329,2025-06-20 13:55:20.014,372,2025-06-20 13:55:20.014,D:\test_image\run44\frames_cam0\cam0_0329.png,D:\test_image\run44\frames_cam1\cam1_0372.png
2025-06-20 13:55:20.187,172.16,37.61,101.85,144.15,-43.02,199.29,331,2025-06-20 13:55:20.227,374,2025-06-20 13:55:20.219,D:\test_image\run44\frames_cam0\cam0_0331.png,D:\test_image\run44\frames_cam1\cam1_0374.png
2025-06-20 13:55:20.315,170.85,36.6,101.55,148.1,-42.92,194.69,332,2025-06-20 13:55:20.352,375,2025-06-20 13:55:20.304,D:\test_image\run44\frames_cam0\cam0_0332.png,D:\test_image\run44\frames_cam1\cam1_0375.png
2025-06-20 13:55:20.448,170.19,36.11,101.37,150.1,-42.97,192.37,333,2025-06-20 13:55:20.448,376,2025-06-20 13:55:20.407,D:\test_image\run44\frames_cam0\cam0_0333.png,D:\test_image\run44\frames_cam1\cam1_0376.png
2025-06-20 13:55:20.580,169.53,35.65,101.16,152.12,-43.11,190.06,334,2025-06-20 13:55:20.571,378,2025-06-20 13:55:20.611,D:\test_image\run44\frames_cam0\cam0_0334.png,D:\test_image\run44\frames_cam1\cam1_0378.png
2025-06-20 13:55:20.713,168.22,34.78,100.69,156.13,-43.6,185.48,335,2025-06-20 13:55:20.670,379,2025-06-20 13:55:20.707,D:\test_image\run44\frames_cam0\cam0_0335.png,D:\test_image\run44\frames_cam1\cam1_0379.png
2025-06-20 13:55:20.846,167.56,34.36,100.43,158.12,-43.95,183.24,336,2025-06-20 13:55:20.775,380,2025-06-20 13:55:20.807,D:\test_image\run44\frames_cam0\cam0_0336.png,D:\test_image\run44\frames_cam1\cam1_0380.png
2025-06-20 13:55:20.987,166.91,33.97,100.14,160.09,-44.38,181.02,337,2025-06-20 13:55:21.182,382,2025-06-20 13:55:21.015,D:\test_image\run44\frames_cam0\cam0_0337.png,D:\test_image\run44\frames_cam1\cam1_0382.png
2025-06-20 13:55:21.111,165.6,33.24,99.51,163.93,-45.44,176.73,337,2025-06-20 13:55:21.182,383,2025-06-20 13:55:21.104,D:\test_image\run44\frames_cam0\cam0_0337.png,D:\test_image\run44\frames_cam1\cam1_0383.png
2025-06-20 13:55:21.243,164.95,32.9,99.16,165.79,-46.06,174.67,337,2025-06-20 13:55:21.182,384,2025-06-20 13:55:21.212,D:\test_image\run44\frames_cam0\cam0_0337.png,D:\test_image\run44\frames_cam1\cam1_0384.png
2025-06-20 13:55:21.376,164.31,32.58,98.79,167.61,-46.75,172.66,338,2025-06-20 13:55:21.424,386,2025-06-20 13:55:21.418,D:\test_image\run44\frames_cam0\cam0_0338.png,D:\test_image\run44\frames_cam1\cam1_0386.png
2025-06-20 13:55:21.508,163.02,31.99,98.01,171.1,-48.32,168.84,340,2025-06-20 13:55:21.543,387,2025-06-20 13:55:21.506,D:\test_image\run44\frames_cam0\cam0_0340.png,D:\test_image\run44\frames_cam1\cam1_0387.png
2025-06-20 13:55:21.643,162.38,31.73,97.58,172.78,-49.18,167.03,341,2025-06-20 13:55:21.643,388,2025-06-20 13:55:21.603,D:\test_image\run44\frames_cam0\cam0_0341.png,D:\test_image\run44\frames_cam1\cam1_0388.png
2025-06-20 13:55:21.773,161.75,31.48,97.14,174.39,-50.1,165.29,342,2025-06-20 13:55:21.751,390,2025-06-20 13:55:21.805,D:\test_image\run44\frames_cam0\cam0_0342.png,D:\test_image\run44\frames_cam1\cam1_0390.png
2025-06-20 13:55:21.907,160.61,31.07,96.3,177.18,-51.88,162.34,343,2025-06-20 13:55:21.854,391,2025-06-20 13:55:21.909,D:\test_image\run44\frames_cam0\cam0_0343.png,D:\test_image\run44\frames_cam1\cam1_0391.png
2025-06-20 13:55:22.039,160.18,30.94,95.96,178.19,-52.6,161.27,344,2025-06-20 13:55:21.986,392,2025-06-20 13:55:22.022,D:\test_image\run44\frames_cam0\cam0_0344.png,D:\test_image\run44\frames_cam1\cam1_0392.png
2025-06-20 13:55:22.171,159.84,30.84,95.69,178.97,-53.18,160.46,346,2025-06-20 13:55:22.214,394,2025-06-20 13:55:22.216,D:\test_image\run44\frames_cam0\cam0_0346.png,D:\test_image\run44\frames_cam1\cam1_0394.png
2025-06-20 13:55:22.308,159.45,30.73,95.37,179.86,-53.86,159.54,347,2025-06-20 13:55:22.311,395,2025-06-20 13:55:22.312,D:\test_image\run44\frames_cam0\cam0_0347.png,D:\test_image\run44\frames_cam1\cam1_0395.png
2025-06-20 13:55:22.435,159.4,30.71,95.32,179.99,-53.97,159.4,348,2025-06-20 13:55:22.416,396,2025-06-20 13:55:22.417,D:\test_image\run44\frames_cam0\cam0_0348.png,D:\test_image\run44\frames_cam1\cam1_0396.png
2025-06-20 13:55:22.577,159.39,30.7,95.32,180.0,-53.98,159.39,349,2025-06-20 13:55:22.524,398,2025-06-20 13:55:22.614,D:\test_image\run44\frames_cam0\cam0_0349.png,D:\test_image\run44\frames_cam1\cam1_0398.png
2025-06-20 13:55:22.710,159.4,30.7,95.32,180.0,-53.98,159.4,350,2025-06-20 13:55:22.641,399,2025-06-20 13:55:22.706,D:\test_image\run44\frames_cam0\cam0_0350.png,D:\test_image\run44\frames_cam1\cam1_0399.png
2025-06-20 13:55:22.843,159.46,30.67,95.37,180.0,-53.95,159.46,351,2025-06-20 13:55:22.958,400,2025-06-20 13:55:22.802,D:\test_image\run44\frames_cam0\cam0_0351.png,D:\test_image\run44\frames_cam1\cam1_0400.png
2025-06-20 13:55:22.977,159.62,30.59,95.49,180.0,-53.9,159.62,351,2025-06-20 13:55:22.958,402,2025-06-20 13:55:23.008,D:\test_image\run44\frames_cam0\cam0_0351.png,D:\test_image\run44\frames_cam1\cam1_0402.png
2025-06-20 13:55:23.108,160.19,30.33,95.94,180.0,-53.72,160.19,352,2025-06-20 13:55:23.173,403,2025-06-20 13:55:23.117,D:\test_image\run44\frames_cam0\cam0_0352.png,D:\test_image\run44\frames_cam1\cam1_0403.png
2025-06-20 13:55:23.239,160.62,30.15,96.25,180.0,-53.6,160.61,353,2025-06-20 13:55:23.224,404,2025-06-20 13:55:23.223,D:\test_image\run44\frames_cam0\cam0_0353.png,D:\test_image\run44\frames_cam1\cam1_0404.png
2025-06-20 13:55:23.372,161.13,29.93,96.63,180.0,-53.44,161.13,353,2025-06-20 13:55:23.224,406,2025-06-20 13:55:23.407,D:\test_image\run44\frames_cam0\cam0_0353.png,D:\test_image\run44\frames_cam1\cam1_0406.png
2025-06-20 13:55:23.509,162.32,29.44,97.45,180.0,-53.11,162.32,354,2025-06-20 13:55:23.521,407,2025-06-20 13:55:23.517,D:\test_image\run44\frames_cam0\cam0_0354.png,D:\test_image\run44\frames_cam1\cam1_0407.png
2025-06-20 13:55:23.637,162.93,29.2,97.84,180.0,-52.96,162.93,354,2025-06-20 13:55:23.521,408,2025-06-20 13:55:23.606,D:\test_image\run44\frames_cam0\cam0_0354.png,D:\test_image\run44\frames_cam1\cam1_0408.png
2025-06-20 13:55:23.770,163.54,28.97,98.22,180.0,-52.81,163.54,355,2025-06-20 13:55:23.839,410,2025-06-20 13:55:23.808,D:\test_image\run44\frames_cam0\cam0_0355.png,D:\test_image\run44\frames_cam1\cam1_0410.png
2025-06-20 13:55:23.903,164.78,28.53,98.95,180.0,-52.52,164.78,356,2025-06-20 13:55:23.877,411,2025-06-20 13:55:23.911,D:\test_image\run44\frames_cam0\cam0_0356.png,D:\test_image\run44\frames_cam1\cam1_0411.png
2025-06-20 13:55:24.036,165.42,28.32,99.3,180.0,-52.38,165.41,358,2025-06-20 13:55:24.073,412,2025-06-20 13:55:24.006,D:\test_image\run44\frames_cam0\cam0_0358.png,D:\test_image\run44\frames_cam1\cam1_0412.png
2025-06-20 13:55:24.167,166.05,28.12,99.63,180.0,-52.25,166.05,359,2025-06-20 13:55:24.210,414,2025-06-20 13:55:24.212,D:\test_image\run44\frames_cam0\cam0_0359.png,D:\test_image\run44\frames_cam1\cam1_0414.png
2025-06-20 13:55:24.309,167.34,27.74,100.25,180.0,-52.01,167.33,360,2025-06-20 13:55:24.312,415,2025-06-20 13:55:24.314,D:\test_image\run44\frames_cam0\cam0_0360.png,D:\test_image\run44\frames_cam1\cam1_0415.png
2025-06-20 13:55:24.432,167.98,27.56,100.55,180.0,-51.89,167.98,361,2025-06-20 13:55:24.453,416,2025-06-20 13:55:24.415,D:\test_image\run44\frames_cam0\cam0_0361.png,D:\test_image\run44\frames_cam1\cam1_0416.png
2025-06-20 13:55:24.564,168.64,27.39,100.83,180.0,-51.78,168.64,362,2025-06-20 13:55:24.563,418,2025-06-20 13:55:24.604,D:\test_image\run44\frames_cam0\cam0_0362.png,D:\test_image\run44\frames_cam1\cam1_0418.png
2025-06-20 13:55:24.696,169.96,27.07,101.36,180.0,-51.58,169.96,363,2025-06-20 13:55:24.670,419,2025-06-20 13:55:24.702,D:\test_image\run44\frames_cam0\cam0_0363.png,D:\test_image\run44\frames_cam1\cam1_0419.png
2025-06-20 13:55:24.830,170.63,26.92,101.6,180.0,-51.48,170.63,364,2025-06-20 13:55:24.780,420,2025-06-20 13:55:24.807,D:\test_image\run44\frames_cam0\cam0_0364.png,D:\test_image\run44\frames_cam1\cam1_0420.png
2025-06-20 13:55:24.962,171.3,26.77,101.83,180.0,-51.4,171.3,365,2025-06-20 13:55:24.907,422,2025-06-20 13:55:25.006,D:\test_image\run44\frames_cam0\cam0_0365.png,D:\test_image\run44\frames_cam1\cam1_0422.png
2025-06-20 13:55:25.094,172.65,26.52,102.25,180.0,-51.23,172.65,366,2025-06-20 13:55:25.226,423,2025-06-20 13:55:25.104,D:\test_image\run44\frames_cam0\cam0_0366.png,D:\test_image\run44\frames_cam1\cam1_0423.png
2025-06-20 13:55:25.228,173.34,26.4,102.44,180.0,-51.16,173.34,366,2025-06-20 13:55:25.226,424,2025-06-20 13:55:25.228,D:\test_image\run44\frames_cam0\cam0_0366.png,D:\test_image\run44\frames_cam1\cam1_0424.png
2025-06-20 13:55:25.359,174.02,26.29,102.62,180.0,-51.09,174.02,366,2025-06-20 13:55:25.226,426,2025-06-20 13:55:25.403,D:\test_image\run44\frames_cam0\cam0_0366.png,D:\test_image\run44\frames_cam1\cam1_0426.png
2025-06-20 13:55:25.496,175.4,26.09,102.94,180.0,-50.97,175.41,366,2025-06-20 13:55:25.226,427,2025-06-20 13:55:25.504,D:\test_image\run44\frames_cam0\cam0_0366.png,D:\test_image\run44\frames_cam1\cam1_0427.png
2025-06-20 13:55:25.624,176.1,26.0,103.08,180.0,-50.91,176.1,367,2025-06-20 13:55:25.780,428,2025-06-20 13:55:25.613,D:\test_image\run44\frames_cam0\cam0_0367.png,D:\test_image\run44\frames_cam1\cam1_0428.png
2025-06-20 13:55:25.756,176.8,25.92,103.21,180.0,-50.87,176.8,367,2025-06-20 13:55:25.780,429,2025-06-20 13:55:25.706,D:\test_image\run44\frames_cam0\cam0_0367.png,D:\test_image\run44\frames_cam1\cam1_0429.png
2025-06-20 13:55:25.889,178.2,25.78,103.43,180.0,-50.78,178.2,367,2025-06-20 13:55:25.780,431,2025-06-20 13:55:25.907,D:\test_image\run44\frames_cam0\cam0_0367.png,D:\test_image\run44\frames_cam1\cam1_0431.png
2025-06-20 13:55:26.021,178.91,25.73,103.52,180.0,-50.75,178.91,368,2025-06-20 13:55:26.222,432,2025-06-20 13:55:26.006,D:\test_image\run44\frames_cam0\cam0_0368.png,D:\test_image\run44\frames_cam1\cam1_0432.png
2025-06-20 13:55:26.153,179.62,25.69,103.59,180.0,-50.72,179.62,368,2025-06-20 13:55:26.222,433,2025-06-20 13:55:26.105,D:\test_image\run44\frames_cam0\cam0_0368.png,D:\test_image\run44\frames_cam1\cam1_0433.png
2025-06-20 13:55:26.285,180.32,25.65,103.66,180.0,-50.7,180.32,369,2025-06-20 13:55:26.257,435,2025-06-20 13:55:26.309,D:\test_image\run44\frames_cam0\cam0_0369.png,D:\test_image\run44\frames_cam1\cam1_0435.png
2025-06-20 13:55:26.429,181.75,25.59,103.74,180.0,-50.66,181.75,371,2025-06-20 13:55:26.437,436,2025-06-20 13:55:26.407,D:\test_image\run44\frames_cam0\cam0_0371.png,D:\test_image\run44\frames_cam1\cam1_0436.png
2025-06-20 13:55:26.550,182.46,25.58,103.77,180.0,-50.65,182.46,372,2025-06-20 13:55:26.541,437,2025-06-20 13:55:26.503,D:\test_image\run44\frames_cam0\cam0_0372.png,D:\test_image\run44\frames_cam1\cam1_0437.png
2025-06-20 13:55:26.684,183.17,25.57,103.78,180.0,-50.65,183.17,373,2025-06-20 13:55:26.653,439,2025-06-20 13:55:26.708,D:\test_image\run44\frames_cam0\cam0_0373.png,D:\test_image\run44\frames_cam1\cam1_0439.png
2025-06-20 13:55:26.815,184.6,25.57,103.77,180.0,-50.65,184.6,375,2025-06-20 13:55:26.859,440,2025-06-20 13:55:26.807,D:\test_image\run44\frames_cam0\cam0_0375.png,D:\test_image\run44\frames_cam1\cam1_0440.png
2025-06-20 13:55:26.947,185.32,25.58,103.74,180.0,-50.67,185.32,376,2025-06-20 13:55:26.970,441,2025-06-20 13:55:26.907,D:\test_image\run44\frames_cam0\cam0_0376.png,D:\test_image\run44\frames_cam1\cam1_0441.png
2025-06-20 13:55:27.080,186.03,25.61,103.7,180.0,-50.69,186.03,377,2025-06-20 13:55:27.076,443,2025-06-20 13:55:27.110,D:\test_image\run44\frames_cam0\cam0_0377.png,D:\test_image\run44\frames_cam1\cam1_0443.png
2025-06-20 13:55:27.213,187.46,25.7,103.57,180.0,-50.73,187.46,378,2025-06-20 13:55:27.211,444,2025-06-20 13:55:27.212,D:\test_image\run44\frames_cam0\cam0_0378.png,D:\test_image\run44\frames_cam1\cam1_0444.png
2025-06-20 13:55:27.346,188.17,25.75,103.49,180.0,-50.76,188.17,379,2025-06-20 13:55:27.309,445,2025-06-20 13:55:27.312,D:\test_image\run44\frames_cam0\cam0_0379.png,D:\test_image\run44\frames_cam1\cam1_0445.png
2025-06-20 13:55:27.478,188.88,25.81,103.4,180.0,-50.8,188.88,380,2025-06-20 13:55:27.447,447,2025-06-20 13:55:27.509,D:\test_image\run44\frames_cam0\cam0_0380.png,D:\test_image\run44\frames_cam1\cam1_0447.png
2025-06-20 13:55:27.612,190.3,25.95,103.17,180.0,-50.88,190.3,381,2025-06-20 13:55:27.577,448,2025-06-20 13:55:27.612,D:\test_image\run44\frames_cam0\cam0_0381.png,D:\test_image\run44\frames_cam1\cam1_0448.png
2025-06-20 13:55:27.743,191.01,26.03,103.03,180.0,-50.93,191.01,383,2025-06-20 13:55:27.786,449,2025-06-20 13:55:27.706,D:\test_image\run44\frames_cam0\cam0_0383.png,D:\test_image\run44\frames_cam1\cam1_0449.png
2025-06-20 13:55:27.888,191.72,26.12,102.89,180.0,-50.99,191.72,384,2025-06-20 13:55:27.909,451,2025-06-20 13:55:27.912,D:\test_image\run44\frames_cam0\cam0_0384.png,D:\test_image\run44\frames_cam1\cam1_0451.png
2025-06-20 13:55:28.007,193.12,26.33,102.56,180.0,-51.12,193.13,384,2025-06-20 13:55:27.909,452,2025-06-20 13:55:28.006,D:\test_image\run44\frames_cam0\cam0_0384.png,D:\test_image\run44\frames_cam1\cam1_0452.png
2025-06-20 13:55:28.139,193.82,26.44,102.37,180.0,-51.19,193.83,385,2025-06-20 13:55:28.221,453,2025-06-20 13:55:28.106,D:\test_image\run44\frames_cam0\cam0_0385.png,D:\test_image\run44\frames_cam1\cam1_0453.png
2025-06-20 13:55:28.272,194.52,26.56,102.17,180.0,-51.26,194.52,386,2025-06-20 13:55:28.256,455,2025-06-20 13:55:28.308,D:\test_image\run44\frames_cam0\cam0_0386.png,D:\test_image\run44\frames_cam1\cam1_0455.png
2025-06-20 13:55:28.410,195.86,26.82,101.76,180.0,-51.42,195.86,388,2025-06-20 13:55:28.443,456,2025-06-20 13:55:28.410,D:\test_image\run44\frames_cam0\cam0_0388.png,D:\test_image\run44\frames_cam1\cam1_0456.png
2025-06-20 13:55:28.537,196.41,26.94,101.57,180.0,-51.5,196.41,388,2025-06-20 13:55:28.443,457,2025-06-20 13:55:28.506,D:\test_image\run44\frames_cam0\cam0_0388.png,D:\test_image\run44\frames_cam1\cam1_0457.png
2025-06-20 13:55:28.671,196.85,27.03,101.41,180.0,-51.55,196.85,389,2025-06-20 13:55:28.871,459,2025-06-20 13:55:28.705,D:\test_image\run44\frames_cam0\cam0_0389.png,D:\test_image\run44\frames_cam1\cam1_0459.png
2025-06-20 13:55:28.803,197.43,27.16,101.2,180.0,-51.64,197.43,389,2025-06-20 13:55:28.871,460,2025-06-20 13:55:28.802,D:\test_image\run44\frames_cam0\cam0_0389.png,D:\test_image\run44\frames_cam1\cam1_0460.png
2025-06-20 13:55:28.934,197.56,27.19,101.15,180.0,-51.66,197.56,389,2025-06-20 13:55:28.871,461,2025-06-20 13:55:28.908,D:\test_image\run44\frames_cam0\cam0_0389.png,D:\test_image\run44\frames_cam1\cam1_0461.png
2025-06-20 13:55:29.067,197.6,27.2,101.13,180.0,-51.67,197.6,389,2025-06-20 13:55:28.871,463,2025-06-20 13:55:29.105,D:\test_image\run44\frames_cam0\cam0_0389.png,D:\test_image\run44\frames_cam1\cam1_0463.png
2025-06-20 13:55:29.200,197.61,27.21,101.13,180.0,-51.67,197.61,390,2025-06-20 13:55:29.345,464,2025-06-20 13:55:29.205,D:\test_image\run44\frames_cam0\cam0_0390.png,D:\test_image\run44\frames_cam1\cam1_0464.png
2025-06-20 13:55:29.337,197.61,27.22,101.14,180.0,-51.63,197.61,390,2025-06-20 13:55:29.345,465,2025-06-20 13:55:29.307,D:\test_image\run44\frames_cam0\cam0_0390.png,D:\test_image\run44\frames_cam1\cam1_0465.png
2025-06-20 13:55:29.464,197.61,27.32,101.19,180.0,-51.49,197.61,392,2025-06-20 13:55:29.447,467,2025-06-20 13:55:29.506,D:\test_image\run44\frames_cam0\cam0_0392.png,D:\test_image\run44\frames_cam1\cam1_0467.png
2025-06-20 13:55:29.598,197.6,27.74,101.42,180.0,-50.83,197.6,393,2025-06-20 13:55:29.555,468,2025-06-20 13:55:29.607,D:\test_image\run44\frames_cam0\cam0_0393.png,D:\test_image\run44\frames_cam1\cam1_0468.png
2025-06-20 13:55:29.728,197.6,28.08,101.59,180.0,-50.33,197.6,395,2025-06-20 13:55:29.756,469,2025-06-20 13:55:29.711,D:\test_image\run44\frames_cam0\cam0_0395.png,D:\test_image\run44\frames_cam1\cam1_0469.png
2025-06-20 13:55:29.869,197.6,28.49,101.79,180.0,-49.71,197.6,396,2025-06-20 13:55:29.879,471,2025-06-20 13:55:29.909,D:\test_image\run44\frames_cam0\cam0_0396.png,D:\test_image\run44\frames_cam1\cam1_0471.png
2025-06-20 13:55:30.007,197.6,29.55,102.26,180.0,-48.18,197.6,397,2025-06-20 13:55:29.977,472,2025-06-20 13:55:30.017,D:\test_image\run44\frames_cam0\cam0_0397.png,D:\test_image\run44\frames_cam1\cam1_0472.png
2025-06-20 13:55:30.126,197.6,30.11,102.49,180.0,-47.4,197.6,398,2025-06-20 13:55:30.122,473,2025-06-20 13:55:30.122,D:\test_image\run44\frames_cam0\cam0_0398.png,D:\test_image\run44\frames_cam1\cam1_0473.png
2025-06-20 13:55:30.259,197.6,30.69,102.71,180.0,-46.61,197.6,399,2025-06-20 13:55:30.240,474,2025-06-20 13:55:30.211,D:\test_image\run44\frames_cam0\cam0_0399.png,D:\test_image\run44\frames_cam1\cam1_0474.png
2025-06-20 13:55:30.399,197.6,31.85,103.1,180.0,-45.05,197.6,401,2025-06-20 13:55:30.451,476,2025-06-20 13:55:30.407,D:\test_image\run44\frames_cam0\cam0_0401.png,D:\test_image\run44\frames_cam1\cam1_0476.png
2025-06-20 13:55:30.524,197.6,32.45,103.27,180.0,-44.28,197.6,402,2025-06-20 13:55:30.557,477,2025-06-20 13:55:30.507,D:\test_image\run44\frames_cam0\cam0_0402.png,D:\test_image\run44\frames_cam1\cam1_0477.png
2025-06-20 13:55:30.656,197.6,33.06,103.43,180.0,-43.51,197.6,403,2025-06-20 13:55:30.659,478,2025-06-20 13:55:30.612,D:\test_image\run44\frames_cam0\cam0_0403.png,D:\test_image\run44\frames_cam1\cam1_0478.png
2025-06-20 13:55:30.788,197.6,34.29,103.72,180.0,-41.99,197.6,404,2025-06-20 13:55:30.763,480,2025-06-20 13:55:30.807,D:\test_image\run44\frames_cam0\cam0_0404.png,D:\test_image\run44\frames_cam1\cam1_0480.png
2025-06-20 13:55:30.920,197.6,34.93,103.84,180.0,-41.24,197.6,405,2025-06-20 13:55:30.878,481,2025-06-20 13:55:30.905,D:\test_image\run44\frames_cam0\cam0_0405.png,D:\test_image\run44\frames_cam1\cam1_0481.png
2025-06-20 13:55:31.054,197.6,35.56,103.95,180.0,-40.49,197.6,407,2025-06-20 13:55:31.115,482,2025-06-20 13:55:31.013,D:\test_image\run44\frames_cam0\cam0_0407.png,D:\test_image\run44\frames_cam1\cam1_0482.png
2025-06-20 13:55:31.186,197.6,36.21,104.04,180.0,-39.75,197.6,408,2025-06-20 13:55:31.240,484,2025-06-20 13:55:31.207,D:\test_image\run44\frames_cam0\cam0_0408.png,D:\test_image\run44\frames_cam1\cam1_0484.png
2025-06-20 13:55:31.318,197.6,37.52,104.2,180.0,-38.28,197.6,408,2025-06-20 13:55:31.240,485,2025-06-20 13:55:31.308,D:\test_image\run44\frames_cam0\cam0_0408.png,D:\test_image\run44\frames_cam1\cam1_0485.png
2025-06-20 13:55:31.450,197.6,38.19,104.26,180.0,-37.56,197.6,409,2025-06-20 13:55:31.541,486,2025-06-20 13:55:31.405,D:\test_image\run44\frames_cam0\cam0_0409.png,D:\test_image\run44\frames_cam1\cam1_0486.png
2025-06-20 13:55:31.583,197.6,38.86,104.3,180.0,-36.84,197.6,410,2025-06-20 13:55:31.578,488,2025-06-20 13:55:31.610,D:\test_image\run44\frames_cam0\cam0_0410.png,D:\test_image\run44\frames_cam1\cam1_0488.png
2025-06-20 13:55:31.715,197.6,40.22,104.35,180.0,-35.43,197.6,411,2025-06-20 13:55:31.659,489,2025-06-20 13:55:31.708,D:\test_image\run44\frames_cam0\cam0_0411.png,D:\test_image\run44\frames_cam1\cam1_0489.png
2025-06-20 13:55:31.847,197.6,40.91,104.36,180.0,-34.73,197.6,413,2025-06-20 13:55:31.880,490,2025-06-20 13:55:31.808,D:\test_image\run44\frames_cam0\cam0_0413.png,D:\test_image\run44\frames_cam1\cam1_0490.png
2025-06-20 13:55:31.983,197.6,41.61,104.36,180.0,-34.04,197.6,414,2025-06-20 13:55:31.988,492,2025-06-20 13:55:32.017,D:\test_image\run44\frames_cam0\cam0_0414.png,D:\test_image\run44\frames_cam1\cam1_0492.png
2025-06-20 13:55:32.112,197.6,43.02,104.3,180.0,-32.69,197.6,415,2025-06-20 13:55:32.112,493,2025-06-20 13:55:32.112,D:\test_image\run44\frames_cam0\cam0_0415.png,D:\test_image\run44\frames_cam1\cam1_0493.png
2025-06-20 13:55:32.245,197.6,43.73,104.25,180.0,-32.02,197.6,416,2025-06-20 13:55:32.223,494,2025-06-20 13:55:32.221,D:\test_image\run44\frames_cam0\cam0_0416.png,D:\test_image\run44\frames_cam1\cam1_0494.png
2025-06-20 13:55:32.378,197.6,44.45,104.19,180.0,-31.36,197.6,417,2025-06-20 13:55:32.532,496,2025-06-20 13:55:32.412,D:\test_image\run44\frames_cam0\cam0_0417.png,D:\test_image\run44\frames_cam1\cam1_0496.png
2025-06-20 13:55:32.510,197.6,45.9,104.03,180.0,-30.07,197.6,417,2025-06-20 13:55:32.532,497,2025-06-20 13:55:32.503,D:\test_image\run44\frames_cam0\cam0_0417.png,D:\test_image\run44\frames_cam1\cam1_0497.png
2025-06-20 13:55:32.642,197.6,46.6,103.93,180.0,-29.47,197.6,417,2025-06-20 13:55:32.532,498,2025-06-20 13:55:32.607,D:\test_image\run44\frames_cam0\cam0_0417.png,D:\test_image\run44\frames_cam1\cam1_0498.png
2025-06-20 13:55:32.775,197.6,47.21,103.84,180.0,-28.96,197.6,417,2025-06-20 13:55:32.532,500,2025-06-20 13:55:32.815,D:\test_image\run44\frames_cam0\cam0_0417.png,D:\test_image\run44\frames_cam1\cam1_0500.png
2025-06-20 13:55:32.907,197.6,48.09,103.69,180.0,-28.22,197.6,418,2025-06-20 13:55:33.250,501,2025-06-20 13:55:32.906,D:\test_image\run44\frames_cam0\cam0_0418.png,D:\test_image\run44\frames_cam1\cam1_0501.png
2025-06-20 13:55:33.039,197.6,48.36,103.64,180.0,-27.99,197.6,418,2025-06-20 13:55:33.250,502,2025-06-20 13:55:33.007,D:\test_image\run44\frames_cam0\cam0_0418.png,D:\test_image\run44\frames_cam1\cam1_0502.png
2025-06-20 13:55:33.172,197.6,48.53,103.61,180.0,-27.86,197.6,418,2025-06-20 13:55:33.250,504,2025-06-20 13:55:33.208,D:\test_image\run44\frames_cam0\cam0_0418.png,D:\test_image\run44\frames_cam1\cam1_0504.png
2025-06-20 13:55:33.307,197.6,48.59,103.59,180.0,-27.81,197.6,418,2025-06-20 13:55:33.250,505,2025-06-20 13:55:33.308,D:\test_image\run44\frames_cam0\cam0_0418.png,D:\test_image\run44\frames_cam1\cam1_0505.png
2025-06-20 13:55:33.437,197.6,48.59,103.59,180.0,-27.81,197.6,419,2025-06-20 13:55:33.454,506,2025-06-20 13:55:33.423,D:\test_image\run44\frames_cam0\cam0_0419.png,D:\test_image\run44\frames_cam1\cam1_0506.png
2025-06-20 13:55:33.569,197.6,48.59,103.59,180.0,-27.81,197.6,420,2025-06-20 13:55:33.672,508,2025-06-20 13:55:33.608,D:\test_image\run44\frames_cam0\cam0_0420.png,D:\test_image\run44\frames_cam1\cam1_0508.png
2025-06-20 13:55:33.708,197.6,48.59,103.59,180.0,-27.81,197.6,421,2025-06-20 13:55:33.717,509,2025-06-20 13:55:33.718,D:\test_image\run44\frames_cam0\cam0_0421.png,D:\test_image\run44\frames_cam1\cam1_0509.png
2025-06-20 13:55:33.840,197.6,48.59,103.6,180.0,-27.81,197.6,422,2025-06-20 13:55:33.788,510,2025-06-20 13:55:33.813,D:\test_image\run44\frames_cam0\cam0_0422.png,D:\test_image\run44\frames_cam1\cam1_0510.png
2025-06-20 13:55:33.967,197.6,48.59,103.6,180.0,-27.81,197.6,422,2025-06-20 13:55:33.788,512,2025-06-20 13:55:34.007,D:\test_image\run44\frames_cam0\cam0_0422.png,D:\test_image\run44\frames_cam1\cam1_0512.png
2025-06-20 13:55:34.100,197.6,48.59,103.6,180.0,-27.81,197.6,423,2025-06-20 13:55:34.282,513,2025-06-20 13:55:34.106,D:\test_image\run44\frames_cam0\cam0_0423.png,D:\test_image\run44\frames_cam1\cam1_0513.png
2025-06-20 13:55:34.233,197.6,48.59,103.6,180.0,-27.81,197.6,423,2025-06-20 13:55:34.282,514,2025-06-20 13:55:34.205,D:\test_image\run44\frames_cam0\cam0_0423.png,D:\test_image\run44\frames_cam1\cam1_0514.png
2025-06-20 13:55:34.366,197.6,48.59,103.6,180.0,-27.81,197.6,425,2025-06-20 13:55:34.392,515,2025-06-20 13:55:34.325,D:\test_image\run44\frames_cam0\cam0_0425.png,D:\test_image\run44\frames_cam1\cam1_0515.png
2025-06-20 13:55:34.507,197.6,48.59,103.6,180.0,-27.81,197.6,426,2025-06-20 13:55:34.507,517,2025-06-20 13:55:34.511,D:\test_image\run44\frames_cam0\cam0_0426.png,D:\test_image\run44\frames_cam1\cam1_0517.png
2025-06-20 13:55:34.631,197.6,48.59,103.6,180.0,-27.81,197.6,427,2025-06-20 13:55:34.614,518,2025-06-20 13:55:34.615,D:\test_image\run44\frames_cam0\cam0_0427.png,D:\test_image\run44\frames_cam1\cam1_0518.png
2025-06-20 13:55:34.765,197.6,48.59,103.6,180.0,-27.81,197.6,428,2025-06-20 13:55:34.722,519,2025-06-20 13:55:34.721,D:\test_image\run44\frames_cam0\cam0_0428.png,D:\test_image\run44\frames_cam1\cam1_0519.png
2025-06-20 13:55:34.903,197.6,48.59,103.6,180.0,-27.81,197.6,430,2025-06-20 13:55:34.936,521,2025-06-20 13:55:34.911,D:\test_image\run44\frames_cam0\cam0_0430.png,D:\test_image\run44\frames_cam1\cam1_0521.png
2025-06-20 13:55:35.028,197.6,48.59,103.6,180.0,-27.81,197.6,430,2025-06-20 13:55:34.936,522,2025-06-20 13:55:35.008,D:\test_image\run44\frames_cam0\cam0_0430.png,D:\test_image\run44\frames_cam1\cam1_0522.png
2025-06-20 13:55:35.160,197.6,48.59,103.6,180.0,-27.81,197.6,431,2025-06-20 13:55:35.363,524,2025-06-20 13:55:35.208,D:\test_image\run44\frames_cam0\cam0_0431.png,D:\test_image\run44\frames_cam1\cam1_0524.png
2025-06-20 13:55:35.297,197.6,48.59,103.6,180.0,-27.81,197.6,431,2025-06-20 13:55:35.363,525,2025-06-20 13:55:35.304,D:\test_image\run44\frames_cam0\cam0_0431.png,D:\test_image\run44\frames_cam1\cam1_0525.png
2025-06-20 13:55:35.437,197.6,48.59,103.6,180.0,-27.81,197.6,432,2025-06-20 13:55:35.415,526,2025-06-20 13:55:35.416,D:\test_image\run44\frames_cam0\cam0_0432.png,D:\test_image\run44\frames_cam1\cam1_0526.png
2025-06-20 13:55:35.576,197.6,48.59,103.6,180.0,-27.81,197.6,434,2025-06-20 13:55:35.583,528,2025-06-20 13:55:35.609,D:\test_image\run44\frames_cam0\cam0_0434.png,D:\test_image\run44\frames_cam1\cam1_0528.png
2025-06-20 13:55:35.712,197.6,48.44,103.63,180.0,-27.94,197.6,435,2025-06-20 13:55:35.717,529,2025-06-20 13:55:35.718,D:\test_image\run44\frames_cam0\cam0_0435.png,D:\test_image\run44\frames_cam1\cam1_0529.png
2025-06-20 13:55:35.835,197.6,48.19,103.67,180.0,-28.13,197.6,436,2025-06-20 13:55:35.821,530,2025-06-20 13:55:35.820,D:\test_image\run44\frames_cam0\cam0_0436.png,D:\test_image\run44\frames_cam1\cam1_0530.png
2025-06-20 13:55:35.967,197.6,47.83,103.74,180.0,-28.43,197.6,437,2025-06-20 13:55:35.925,532,2025-06-20 13:55:36.012,D:\test_image\run44\frames_cam0\cam0_0437.png,D:\test_image\run44\frames_cam1\cam1_0532.png
2025-06-20 13:55:36.104,197.6,46.79,103.91,180.0,-29.3,197.6,438,2025-06-20 13:55:36.236,533,2025-06-20 13:55:36.125,D:\test_image\run44\frames_cam0\cam0_0438.png,D:\test_image\run44\frames_cam1\cam1_0533.png
2025-06-20 13:55:36.232,197.6,46.11,104.01,180.0,-29.87,197.6,438,2025-06-20 13:55:36.236,534,2025-06-20 13:55:36.208,D:\test_image\run44\frames_cam0\cam0_0438.png,D:\test_image\run44\frames_cam1\cam1_0534.png
2025-06-20 13:55:36.365,197.6,45.39,104.11,180.0,-30.5,197.6,439,2025-06-20 13:55:36.317,535,2025-06-20 13:55:36.321,D:\test_image\run44\frames_cam0\cam0_0439.png,D:\test_image\run44\frames_cam1\cam1_0535.png
2025-06-20 13:55:36.497,197.59,43.94,104.26,180.0,-31.8,197.59,439,2025-06-20 13:55:36.317,537,2025-06-20 13:55:36.507,D:\test_image\run44\frames_cam0\cam0_0439.png,D:\test_image\run44\frames_cam1\cam1_0537.png
2025-06-20 13:55:36.630,197.59,43.22,104.32,180.0,-32.46,197.59,440,2025-06-20 13:55:36.850,538,2025-06-20 13:55:36.607,D:\test_image\run44\frames_cam0\cam0_0440.png,D:\test_image\run44\frames_cam1\cam1_0538.png
2025-06-20 13:55:36.762,197.59,42.51,104.36,180.0,-33.13,197.59,440,2025-06-20 13:55:36.850,540,2025-06-20 13:55:36.810,D:\test_image\run44\frames_cam0\cam0_0440.png,D:\test_image\run44\frames_cam1\cam1_0540.png
2025-06-20 13:55:36.905,197.59,41.1,104.41,180.0,-34.49,197.58,440,2025-06-20 13:55:36.850,541,2025-06-20 13:55:36.913,D:\test_image\run44\frames_cam0\cam0_0440.png,D:\test_image\run44\frames_cam1\cam1_0541.png
2025-06-20 13:55:37.027,197.58,40.41,104.42,180.0,-35.18,197.58,440,2025-06-20 13:55:36.850,542,2025-06-20 13:55:37.011,D:\test_image\run44\frames_cam0\cam0_0440.png,D:\test_image\run44\frames_cam1\cam1_0542.png
2025-06-20 13:55:37.160,197.58,39.71,104.42,180.0,-35.88,197.58,441,2025-06-20 13:55:37.438,544,2025-06-20 13:55:37.209,D:\test_image\run44\frames_cam0\cam0_0441.png,D:\test_image\run44\frames_cam1\cam1_0544.png
2025-06-20 13:55:37.300,197.58,38.35,104.36,180.0,-37.3,197.58,441,2025-06-20 13:55:37.438,545,2025-06-20 13:55:37.308,D:\test_image\run44\frames_cam0\cam0_0441.png,D:\test_image\run44\frames_cam1\cam1_0545.png
2025-06-20 13:55:37.429,197.58,37.68,104.31,180.0,-38.02,197.58,441,2025-06-20 13:55:37.438,546,2025-06-20 13:55:37.405,D:\test_image\run44\frames_cam0\cam0_0441.png,D:\test_image\run44\frames_cam1\cam1_0546.png
2025-06-20 13:55:37.558,197.57,37.02,104.24,180.0,-38.75,197.57,442,2025-06-20 13:55:37.656,548,2025-06-20 13:55:37.608,D:\test_image\run44\frames_cam0\cam0_0442.png,D:\test_image\run44\frames_cam1\cam1_0548.png
2025-06-20 13:55:37.704,197.57,35.71,104.08,180.0,-40.22,197.57,443,2025-06-20 13:55:37.708,549,2025-06-20 13:55:37.712,D:\test_image\run44\frames_cam0\cam0_0443.png,D:\test_image\run44\frames_cam1\cam1_0549.png
2025-06-20 13:55:37.822,197.57,35.07,103.98,180.0,-40.96,197.57,444,2025-06-20 13:55:37.828,550,2025-06-20 13:55:37.820,D:\test_image\run44\frames_cam0\cam0_0444.png,D:\test_image\run44\frames_cam1\cam1_0550.png
2025-06-20 13:55:37.955,197.57,34.43,103.86,180.0,-41.71,197.57,444,2025-06-20 13:55:37.828,551,2025-06-20 13:55:37.909,D:\test_image\run44\frames_cam0\cam0_0444.png,D:\test_image\run44\frames_cam1\cam1_0551.png
2025-06-20 13:55:38.087,197.56,33.18,103.6,180.0,-43.22,197.56,445,2025-06-20 13:55:38.155,553,2025-06-20 13:55:38.111,D:\test_image\run44\frames_cam0\cam0_0445.png,D:\test_image\run44\frames_cam1\cam1_0553.png
2025-06-20 13:55:38.220,197.56,32.57,103.44,180.0,-43.99,197.56,445,2025-06-20 13:55:38.155,554,2025-06-20 13:55:38.207,D:\test_image\run44\frames_cam0\cam0_0445.png,D:\test_image\run44\frames_cam1\cam1_0554.png
2025-06-20 13:55:38.352,197.56,31.96,103.28,180.0,-44.76,197.56,446,2025-06-20 13:55:38.430,555,2025-06-20 13:55:38.323,D:\test_image\run44\frames_cam0\cam0_0446.png,D:\test_image\run44\frames_cam1\cam1_0555.png
2025-06-20 13:55:38.485,197.56,31.37,103.1,180.0,-45.53,197.56,447,2025-06-20 13:55:38.464,557,2025-06-20 13:55:38.508,D:\test_image\run44\frames_cam0\cam0_0447.png,D:\test_image\run44\frames_cam1\cam1_0557.png
2025-06-20 13:55:38.617,197.56,30.2,102.71,180.0,-47.09,197.56,448,2025-06-20 13:55:38.716,558,2025-06-20 13:55:38.605,D:\test_image\run44\frames_cam0\cam0_0448.png,D:\test_image\run44\frames_cam1\cam1_0558.png
2025-06-20 13:55:38.749,197.55,29.64,102.49,180.0,-47.88,197.55,449,2025-06-20 13:55:38.751,559,2025-06-20 13:55:38.716,D:\test_image\run44\frames_cam0\cam0_0449.png,D:\test_image\run44\frames_cam1\cam1_0559.png
2025-06-20 13:55:38.882,197.55,29.07,102.26,180.0,-48.67,197.55,450,2025-06-20 13:55:38.855,561,2025-06-20 13:55:38.908,D:\test_image\run44\frames_cam0\cam0_0450.png,D:\test_image\run44\frames_cam1\cam1_0561.png
2025-06-20 13:55:39.014,197.55,28.1,101.82,180.0,-50.09,197.55,451,2025-06-20 13:55:38.963,562,2025-06-20 13:55:39.008,D:\test_image\run44\frames_cam0\cam0_0451.png,D:\test_image\run44\frames_cam1\cam1_0562.png
2025-06-20 13:55:39.147,197.55,27.74,101.64,180.0,-50.63,197.55,451,2025-06-20 13:55:38.963,563,2025-06-20 13:55:39.108,D:\test_image\run44\frames_cam0\cam0_0451.png,D:\test_image\run44\frames_cam1\cam1_0563.png
2025-06-20 13:55:39.279,197.55,27.46,101.5,180.0,-51.05,197.55,452,2025-06-20 13:55:39.409,565,2025-06-20 13:55:39.308,D:\test_image\run44\frames_cam0\cam0_0452.png,D:\test_image\run44\frames_cam1\cam1_0565.png
2025-06-20 13:55:39.412,197.55,27.14,101.33,180.0,-51.53,197.55,452,2025-06-20 13:55:39.409,566,2025-06-20 13:55:39.409,D:\test_image\run44\frames_cam0\cam0_0452.png,D:\test_image\run44\frames_cam1\cam1_0566.png
2025-06-20 13:55:39.544,197.55,27.1,101.31,180.0,-51.59,197.55,453,2025-06-20 13:55:39.639,567,2025-06-20 13:55:39.517,D:\test_image\run44\frames_cam0\cam0_0453.png,D:\test_image\run44\frames_cam1\cam1_0567.png
2025-06-20 13:55:39.684,197.55,27.09,101.3,180.0,-51.6,197.55,454,2025-06-20 13:55:39.683,569,2025-06-20 13:55:39.710,D:\test_image\run44\frames_cam0\cam0_0454.png,D:\test_image\run44\frames_cam1\cam1_0569.png
2025-06-20 13:55:39.817,197.53,27.09,101.3,180.0,-51.6,197.53,456,2025-06-20 13:55:39.850,570,2025-06-20 13:55:39.809,D:\test_image\run44\frames_cam0\cam0_0456.png,D:\test_image\run44\frames_cam1\cam1_0570.png
2025-06-20 13:55:39.952,197.43,27.07,101.34,180.0,-51.58,197.43,457,2025-06-20 13:55:39.956,571,2025-06-20 13:55:39.915,D:\test_image\run44\frames_cam0\cam0_0457.png,D:\test_image\run44\frames_cam1\cam1_0571.png
2025-06-20 13:55:40.084,197.23,27.02,101.42,180.0,-51.55,197.23,457,2025-06-20 13:55:39.956,573,2025-06-20 13:55:40.120,D:\test_image\run44\frames_cam0\cam0_0457.png,D:\test_image\run44\frames_cam1\cam1_0573.png
2025-06-20 13:55:40.215,196.51,26.86,101.68,180.0,-51.45,196.51,458,2025-06-20 13:55:40.421,574,2025-06-20 13:55:40.207,D:\test_image\run44\frames_cam0\cam0_0458.png,D:\test_image\run44\frames_cam1\cam1_0574.png
2025-06-20 13:55:40.346,196.0,26.75,101.86,180.0,-51.38,196.0,458,2025-06-20 13:55:40.421,575,2025-06-20 13:55:40.308,D:\test_image\run44\frames_cam0\cam0_0458.png,D:\test_image\run44\frames_cam1\cam1_0575.png
2025-06-20 13:55:40.479,195.38,26.62,102.07,180.0,-51.3,195.38,458,2025-06-20 13:55:40.421,577,2025-06-20 13:55:40.512,D:\test_image\run44\frames_cam0\cam0_0458.png,D:\test_image\run44\frames_cam1\cam1_0577.png
2025-06-20 13:55:40.617,193.99,26.37,102.49,180.0,-51.14,193.99,459,2025-06-20 13:55:40.624,578,2025-06-20 13:55:40.617,D:\test_image\run44\frames_cam0\cam0_0459.png,D:\test_image\run44\frames_cam1\cam1_0578.png
2025-06-20 13:55:40.751,193.29,26.25,102.68,180.0,-51.07,193.3,460,2025-06-20 13:55:40.858,579,2025-06-20 13:55:40.707,D:\test_image\run44\frames_cam0\cam0_0460.png,D:\test_image\run44\frames_cam1\cam1_0579.png
2025-06-20 13:55:40.876,192.59,26.14,102.86,180.0,-51.0,192.59,460,2025-06-20 13:55:40.858,581,2025-06-20 13:55:40.907,D:\test_image\run44\frames_cam0\cam0_0460.png,D:\test_image\run44\frames_cam1\cam1_0581.png
2025-06-20 13:55:41.016,191.21,25.95,103.17,180.0,-50.88,191.21,461,2025-06-20 13:55:41.157,582,2025-06-20 13:55:41.025,D:\test_image\run44\frames_cam0\cam0_0461.png,D:\test_image\run44\frames_cam1\cam1_0582.png
2025-06-20 13:55:41.148,190.62,25.88,103.29,180.0,-50.84,190.62,461,2025-06-20 13:55:41.157,583,2025-06-20 13:55:41.110,D:\test_image\run44\frames_cam0\cam0_0461.png,D:\test_image\run44\frames_cam1\cam1_0583.png
2025-06-20 13:55:41.273,190.14,25.82,103.38,180.0,-50.8,190.14,462,2025-06-20 13:55:41.360,585,2025-06-20 13:55:41.309,D:\test_image\run44\frames_cam0\cam0_0462.png,D:\test_image\run44\frames_cam1\cam1_0585.png
2025-06-20 13:55:41.411,189.49,25.75,103.49,180.0,-50.76,189.49,462,2025-06-20 13:55:41.360,586,2025-06-20 13:55:41.412,D:\test_image\run44\frames_cam0\cam0_0462.png,D:\test_image\run44\frames_cam1\cam1_0586.png
2025-06-20 13:55:41.538,189.33,25.73,103.52,180.0,-50.75,189.33,463,2025-06-20 13:55:41.560,587,2025-06-20 13:55:41.506,D:\test_image\run44\frames_cam0\cam0_0463.png,D:\test_image\run44\frames_cam1\cam1_0587.png
2025-06-20 13:55:41.670,189.27,25.73,103.53,180.0,-50.74,189.27,464,2025-06-20 13:55:41.639,589,2025-06-20 13:55:41.708,D:\test_image\run44\frames_cam0\cam0_0464.png,D:\test_image\run44\frames_cam1\cam1_0589.png
